customerID,Actual_Churn,Predicted_Churn,Churn_Probability,Risk_Level
5178-LMXOP,1,1,0.937950570463102,Very High
0295-PPHDO,1,1,0.9264754765814445,Very High
6861-XWTWQ,1,1,0.9264281347959729,Very High
8884-ADFVN,1,1,0.921049179966561,Very High
2545-EBUPK,0,1,0.9208821289170088,Very High
1069-XAIEM,1,1,0.9204663773972273,Very High
1400-MMYXY,1,1,0.9195603577206646,Very High
6023-YEBUP,1,1,0.9187306235845752,Very High
8161-QYMTT,0,1,0.9185895529851139,Very High
9057-SIHCH,1,1,0.9178090927996094,Very High
6630-UJZMY,0,1,0.9170665358772973,Very High
4750-ZRXIU,1,1,0.9153315984197178,Very High
3722-WPXTK,1,1,0.9138146309861909,Very High
0970-ETWGE,1,1,0.9108516585940101,Very High
3320-VEOYC,0,1,0.9108181455192502,Very High
2865-TCHJW,1,1,0.9101060184750137,Very High
4115-NZRKS,0,1,0.9070986299658077,Very High
8593-WHYHV,1,1,0.9059343183036924,Very High
1143-NMNQJ,1,1,0.9043147464106915,Very High
8245-UMPYT,1,1,0.9035663396827244,Very High
2034-GDRCN,1,1,0.9032957049397914,Very High
9611-CTWIH,1,1,0.9031213865666072,Very High
4713-LZDRV,1,1,0.9005010543707108,Very High
4927-WWOOZ,0,1,0.9001450454239076,Very High
9248-OJYKK,1,1,0.8997814740948012,Very High
8739-XNIKG,0,1,0.8990386550910082,Very High
4587-VVTOX,1,1,0.8977543254454226,Very High
6230-BSUXY,1,1,0.8970335585632087,Very High
9221-OTIVJ,1,1,0.8963402291360439,Very High
6969-MVBAI,0,1,0.8959152147258505,Very High
8258-GSTJK,1,1,0.8926624540663651,Very High
2514-GINMM,1,1,0.8891259718114977,Very High
4415-IJZTP,1,1,0.8877920816207637,Very High
9334-GWGOW,0,1,0.8877318816113262,Very High
2077-MPJQO,0,1,0.887042099862478,Very High
7209-JCUDS,1,1,0.8855660794564186,Very High
7249-WBIYX,1,1,0.8845176735953857,Very High
9878-TNQGW,1,1,0.8844557258937853,Very High
2202-CUYXZ,1,1,0.8831868493657689,Very High
6979-ZNSFF,1,1,0.8831819689266877,Very High
2027-FECZV,1,1,0.882255033699909,Very High
7817-BOQPW,1,1,0.8816746467445893,Very High
2985-FMWYF,0,1,0.8816077405164243,Very High
4806-KEXQR,1,1,0.8815041115279436,Very High
8083-YTZES,1,1,0.8814299342709653,Very High
0655-RBDUG,1,1,0.8813779842195658,Very High
5382-SOYZL,0,1,0.8807836603082078,Very High
4090-KPJIP,0,1,0.8797360266102237,Very High
3519-ZKXGG,1,1,0.8796429671163278,Very High
2609-IAICY,1,1,0.8793795188087935,Very High
5698-BQJOH,1,1,0.8792165004515756,Very High
8622-ZLFKO,0,1,0.8792067535090616,Very High
6328-ZPBGN,1,1,0.87897806789407,Very High
8375-DKEBR,1,1,0.8788238501708272,Very High
2959-MJHIC,1,1,0.8787758720683952,Very High
1320-HTRDR,1,1,0.8781025969186232,Very High
8752-STIVR,1,1,0.8777376606875394,Very High
7130-VTEWQ,1,1,0.8773854380482407,Very High
7218-HKQFK,1,1,0.8771890523717064,Very High
8443-ZRDBZ,1,1,0.8770315067755096,Very High
2495-INZWQ,1,1,0.8761228784374342,Very High
6892-XPFPU,1,1,0.8754196726154029,Very High
8775-ERLNB,0,1,0.8747453290663972,Very High
3338-CVVEH,0,1,0.8743653943409971,Very High
4229-CZMLL,1,1,0.8742066498108286,Very High
1628-BIZYP,0,1,0.8733413291294763,Very High
4342-HENTK,1,1,0.8718344721585866,Very High
7181-BQYBV,1,1,0.8712092922347887,Very High
4735-ASGMA,1,1,0.8690528721530749,Very High
7180-PISOG,1,1,0.8687917555313679,Very High
8541-QVFKM,0,1,0.8687398837449078,Very High
3750-CKVKH,1,1,0.8677866669422751,Very High
3006-XIMLN,1,1,0.867719638905304,Very High
3716-BDVDB,1,1,0.8671920674141871,Very High
5052-PNLOS,1,1,0.8671600599952515,Very High
3030-YDNRM,0,1,0.8662556752011126,Very High
6507-ZJSUR,0,1,0.866129538705617,Very High
7235-NXZCP,1,1,0.8660417329396438,Very High
5357-TZHPP,1,1,0.8656458802065136,Very High
1820-TQVEV,1,1,0.8655837888311,Very High
7363-QTBIW,0,1,0.8648501392913875,Very High
3292-PBZEJ,0,1,0.8644073169890452,Very High
9804-ICWBG,1,1,0.8643215577501989,Very High
5542-TBBWB,0,1,0.8643215577501989,Very High
4631-OACRM,1,1,0.8625840030693472,Very High
8361-LTMKD,1,1,0.862501939621647,Very High
9685-WKZGT,1,1,0.8624830358116217,Very High
7273-TEFQD,1,1,0.862131295166633,Very High
7029-RPUAV,1,1,0.8616316759390719,Very High
6000-APYLU,1,1,0.8614055886256693,Very High
3199-XGZCY,0,1,0.8610001491968948,Very High
7354-OIJLX,0,1,0.860888426062628,Very High
2761-OCIAX,1,1,0.8608350495365916,Very High
0841-NULXI,1,1,0.86064320971972,Very High
7005-CCBKV,1,1,0.8600050196144813,Very High
6857-VWJDT,1,1,0.8594800589307974,Very High
9717-QEBGU,0,1,0.8591308432519416,Very High
3244-DCJWY,1,1,0.8590898875588848,Very High
4445-ZJNMU,0,1,0.8588090509583486,Very High
5376-DEQCP,1,1,0.857776695404435,Very High
1016-DJTSV,0,1,0.8569404779218044,Very High
0679-IDSTG,1,1,0.8558177169424048,Very High
2485-ITVKB,1,1,0.855616286231607,Very High
5628-FCGYG,0,1,0.854645389748039,Very High
6543-XRMYR,1,1,0.8539959258685845,Very High
2845-HSJCY,1,1,0.8534649132590403,Very High
3707-GNWHM,1,1,0.8533289846488485,Very High
4706-AXVKM,1,1,0.853306676053443,Very High
5419-CONWX,1,1,0.8529509959245097,Very High
3721-CNEYS,1,1,0.8523927793323013,Very High
6372-RFVNS,1,1,0.8523008009711543,Very High
0871-URUWO,1,1,0.8520775774738246,Very High
2754-SDJRD,0,1,0.8520197892286537,Very High
1980-KXVPM,1,1,0.8517116512384799,Very High
6077-BDPXA,0,1,0.8511213007189973,Very High
1731-TVIUK,1,1,0.8510476924890861,Very High
8699-ASUFO,1,1,0.8510191569845412,Very High
2867-UIMSS,1,1,0.8508957783192567,Very High
5167-ZFFMM,1,1,0.8507451378467092,Very High
0004-TLHLJ,1,1,0.8504052107021394,Very High
7198-GLXTC,1,1,0.8492674263493735,Very High
9279-CJEOJ,0,1,0.8487448161576063,Very High
6047-YHPVI,1,1,0.8484901756176593,Very High
5159-YFPKQ,1,1,0.8473382422046021,Very High
7409-KIUTL,1,1,0.8467425479241613,Very High
1768-ZAIFU,1,1,0.8465884510141949,Very High
6376-GAHQE,1,1,0.8460460525368361,Very High
5228-EXCET,1,1,0.8456338188133249,Very High
6712-OAWRH,1,1,0.8456308040081175,Very High
2057-ZBLPD,1,1,0.8450992658794129,Very High
8397-MVTAZ,1,1,0.8439212300339347,Very High
2737-YNGYW,1,1,0.8431889702921989,Very High
2439-LYPMQ,0,1,0.8428944976672841,Very High
4873-ILOLJ,1,1,0.8426399970719718,Very High
6856-RAURS,0,1,0.8420938192008854,Very High
6899-PPEEA,1,1,0.8420471399463976,Very High
9507-EXLTT,1,1,0.8412104630564957,Very High
4283-FUTGF,1,1,0.8386379600900677,Very High
1853-UDXBW,1,1,0.8371813420633466,Very High
8739-WWKDU,1,1,0.8367386121058822,Very High
2665-NPTGL,0,1,0.8366768979234651,Very High
5196-SGOAK,1,1,0.8364900922039412,Very High
7861-UVUFT,1,1,0.8359615379942166,Very High
4301-VVZKA,0,1,0.835471884390822,Very High
0390-DCFDQ,1,1,0.8354173578814861,Very High
3677-IYRBF,1,1,0.8344075591711619,Very High
5186-SAMNZ,1,1,0.8339301836882397,Very High
1475-VWVDO,0,1,0.8334961090548115,Very High
3422-LYEPQ,1,1,0.8329289933374662,Very High
4817-VYYWS,1,1,0.832121400547253,Very High
8266-VBFQL,0,1,0.8309985977634267,Very High
1867-BDVFH,1,1,0.8302844980899626,Very High
1112-CUNAO,1,1,0.8300153206620844,Very High
1024-GUALD,1,1,0.8298539199049462,Very High
0685-MLYYM,1,1,0.8294264814529909,Very High
8873-GLDMH,0,1,0.8285461220625325,Very High
3585-ISXZP,1,1,0.8281315139431914,Very High
1302-UHBDD,0,1,0.8278673461879184,Very High
2254-DLXRI,0,1,0.8277014396876283,Very High
0576-WNXXC,1,1,0.8276546999966504,Very High
2482-CZGBB,1,1,0.8276465446162292,Very High
8380-PEFPE,1,1,0.8276109741949556,Very High
2025-JKFWI,1,1,0.8275538031660781,Very High
0235-KGSLC,1,1,0.827304376636279,Very High
3908-BLSYF,1,1,0.8268417162680117,Very High
6319-IEJWJ,1,1,0.8264565569413183,Very High
1751-NCDLI,0,1,0.8244330297223647,Very High
1448-PWKYE,1,1,0.8243229597699023,Very High
0432-CAJZV,0,1,0.823831603423484,Very High
8709-KRDVL,0,1,0.8231708410539572,Very High
3877-JRJIP,1,1,0.8221743921375261,Very High
0923-PNFUB,1,1,0.8199657235705781,Very High
3672-YITQD,1,1,0.819437369151208,Very High
6705-LXORM,0,1,0.819313381928757,Very High
1379-FRVEB,0,1,0.8192302976563393,Very High
9840-DVNDC,1,1,0.8170176007075658,Very High
0524-IAVZO,1,1,0.8167998845217388,Very High
9741-YLNTD,0,1,0.8163965941817733,Very High
2860-RANUS,1,1,0.8149181353187561,Very High
5380-WJKOV,1,1,0.8148443368912597,Very High
9054-FOWNV,0,1,0.8146793257106508,Very High
0258-NOKBL,0,1,0.8144576712830544,Very High
7534-BFESC,1,1,0.8138340721997881,Very High
7928-VJYAB,0,1,0.8136844545546985,Very High
8821-XNHVZ,1,1,0.8134140316777201,Very High
7912-SYRQT,1,1,0.8125052842595472,Very High
2754-XBHTB,1,1,0.8118899855609926,Very High
0581-BXBUB,0,1,0.8104777722598135,Very High
4983-CCWMC,0,1,0.809719239451047,Very High
0023-XUOPT,1,1,0.8095889476642398,Very High
5339-PXDVH,0,1,0.8091550349400638,Very High
5442-BHQNG,0,1,0.8080138589694713,Very High
4412-YLTKF,1,1,0.8079989289276317,Very High
8650-RHRKE,1,1,0.8076345468136169,Very High
3365-SAIGS,0,1,0.8070938761671727,Very High
7495-OOKFY,1,1,0.8069418309155797,Very High
4029-HPFVY,0,1,0.8067764051748288,Very High
0616-ATFGB,1,1,0.8066249000488439,Very High
9940-RHLFB,1,1,0.8057870346927234,Very High
4686-UXDML,0,1,0.8054983118016794,Very High
1658-TJVOA,0,1,0.8053546230295986,Very High
7278-CKDNC,0,1,0.803976112161402,Very High
1989-PRJHP,1,1,0.8036538122349405,Very High
3858-VOBET,1,1,0.8027872812424042,Very High
8621-MNIHH,1,1,0.8019808278708112,Very High
0388-EOPEX,1,1,0.8015862950521165,Very High
5144-TVGLP,0,1,0.8015323530167341,Very High
6910-HADCM,1,1,0.8006634815926732,Very High
0749-IRGQE,0,1,0.8004046804389582,Very High
6137-NICCO,0,1,0.8001134512797344,Very High
9050-QLROH,1,1,0.7993005192499897,Very High
2187-PKZAY,0,1,0.7988771887979116,Very High
8818-DOPVL,0,1,0.7987391444204065,Very High
8132-YPVBX,0,1,0.7984913482179972,Very High
9692-TUSXH,1,1,0.7982140215931004,Very High
0506-LVNGN,1,1,0.7978705337263647,Very High
4647-MUZON,0,1,0.797322526002095,Very High
1894-IGFSG,1,1,0.7969246102733769,Very High
0330-IVZHA,1,1,0.7969222031310497,Very High
9576-ANLXO,1,1,0.7964550440727449,Very High
9866-QEVEE,1,1,0.7955660241613932,Very High
1077-HUUJM,0,1,0.7954747532115093,Very High
1236-WFCDV,1,1,0.7947026911018614,Very High
2325-NBPZG,0,1,0.7936500189666662,Very High
0899-LIIBW,0,1,0.7921033705622289,Very High
8676-TRMJS,1,1,0.7920387771947444,Very High
6338-AVWCY,1,1,0.7918601527651984,Very High
6175-IRFIT,0,1,0.7914710563422976,Very High
4547-LYTDD,1,1,0.7900808678458546,Very High
6821-BUXUX,1,1,0.7887738092027233,Very High
4919-IKATY,1,1,0.7876628752871417,Very High
5501-TVMGM,0,1,0.7870547757661772,Very High
7748-UMTRK,0,1,0.7850900756161634,Very High
0376-YMCJC,1,1,0.7846048422499016,Very High
7571-YXDAD,1,1,0.783746385847031,Very High
5480-HPRRX,1,1,0.7836472481899281,Very High
0958-YHXGP,0,1,0.7824233143216065,Very High
9167-APMXZ,0,1,0.7821460221043542,Very High
3063-QFSZL,1,1,0.7806626064574639,Very High
6680-WKXRZ,1,1,0.7805209314617785,Very High
8393-DLHGA,1,1,0.7802959702499603,Very High
2041-JIJCI,0,1,0.7801064740178517,Very High
1092-GANHU,1,1,0.7794343246542993,Very High
7952-OBOYL,0,1,0.7787911091742562,Very High
1335-NTIUC,0,1,0.7781893456428031,Very High
7881-EVUAD,1,1,0.7780206579257483,Very High
8160-HOWOX,0,1,0.7763337767444152,Very High
9227-LUNBG,1,1,0.7751859026754319,Very High
3312-UUMZW,0,1,0.7742679812844113,Very High
4581-LNWUM,0,1,0.7738254299916372,Very High
4818-QIUFN,1,1,0.7731279824348489,Very High
9779-DPNEJ,0,1,0.7725210615886043,Very High
7855-DIWPO,0,1,0.7724587402532118,Very High
7056-IMHCC,1,1,0.7720362153004007,Very High
0988-JRWWP,0,1,0.7694399015551562,Very High
0082-OQIQY,0,1,0.7688004486183045,Very High
0581-MDMPW,0,1,0.7680062140502785,Very High
1965-DDBWU,1,1,0.7664354802610883,Very High
7470-MCQTK,1,1,0.766421570209055,Very High
2501-XWWTZ,0,1,0.765826604574695,Very High
6557-BZXLQ,0,1,0.7651705656281091,Very High
9572-WUKSB,0,1,0.7647412999994151,Very High
0952-KMEEH,1,1,0.7644312116508037,Very High
1522-VVDMG,1,1,0.7641109096676978,Very High
0876-WDUUZ,1,1,0.7640459071959851,Very High
8938-UMKPI,1,1,0.7638106440773612,Very High
3966-HRMZA,0,1,0.7630089737352665,Very High
7410-YTJIK,1,1,0.7613982324788696,Very High
8778-LMWTJ,0,1,0.7608483373333763,Very High
2309-OSFEU,1,1,0.7608461295164847,Very High
9638-JIQYA,0,1,0.7601820277587003,Very High
5760-FXFVO,0,1,0.7597225506777519,Very High
7603-USHJS,1,1,0.7591481994639045,Very High
5226-NOZFC,0,1,0.7591165167622274,Very High
4360-PNRQB,0,1,0.7590045646253369,Very High
9465-RWMXL,1,1,0.7576508730605153,Very High
2800-QQUSO,0,1,0.7573346591683704,Very High
8993-PHFWD,1,1,0.7560350034770812,Very High
9048-JVYVF,1,1,0.7558125442135962,Very High
7018-WBJNK,0,1,0.7556602148548193,Very High
0963-ZBDRN,1,1,0.7542442156742063,Very High
2919-HBCJO,1,1,0.7527287213772766,Very High
3717-OEAUQ,0,1,0.7519393331556765,Very High
3312-ZWLGF,0,1,0.7516660018224394,Very High
9283-LZQOH,1,1,0.7509993932304561,Very High
8714-EUHJO,1,1,0.7502377766050613,Very High
0778-NELLA,1,1,0.7501836650253012,Very High
5373-SFODM,1,1,0.7500520964905553,Very High
9851-KIELU,1,1,0.7496189343101297,High
0682-USIXD,0,1,0.7491794187044785,High
6834-NXDCA,1,1,0.748479050144366,High
6284-AHOOQ,1,1,0.7475397082774765,High
4846-WHAFZ,1,1,0.747159123671714,High
8445-DNBAE,0,1,0.746171962798411,High
9747-DDZOS,1,1,0.7454807031364494,High
1902-XBTFB,1,1,0.7443403390108323,High
8696-JKZNU,1,1,0.744205775986877,High
8849-AYPTR,0,1,0.7435968463312279,High
6651-AZVTJ,1,1,0.7426085174251494,High
4658-HCOHW,1,1,0.7423994108300935,High
6166-ILMNY,1,1,0.741380073549452,High
4512-ZUIYL,1,1,0.7402359065445725,High
7587-RZNME,1,1,0.7401893067989652,High
8903-XEBGX,0,1,0.7391051876922639,High
4154-AQUGT,1,1,0.7387655045134711,High
6661-HBGWL,1,1,0.7384266396111943,High
7279-BUYWN,1,1,0.7380646967272012,High
6331-LWDTQ,1,1,0.7376695174608906,High
8059-UDZFY,0,1,0.7368504901503651,High
8914-RBTSB,1,1,0.7368487182480612,High
9907-SWKKF,1,1,0.7367619267008025,High
9643-AVVWI,0,1,0.7365550542823933,High
5606-AMZBO,0,1,0.7365026078906669,High
5650-YLIBA,0,1,0.736295699481705,High
5281-BUZGT,1,1,0.7362016959463005,High
2955-BJZHG,1,1,0.7358053047718199,High
9450-TRJUU,0,1,0.7349104164608837,High
7503-QQRVF,1,1,0.7329519549683426,High
6608-QQLVK,1,1,0.7325677187506588,High
0256-LTHVJ,1,1,0.7322542168076921,High
6704-UTUKK,0,1,0.7321377887267325,High
9944-AEXBM,0,1,0.7312391029197419,High
2203-GHNWN,0,1,0.7310440505675363,High
4947-DSMXK,0,1,0.7310114852570869,High
6481-ESCNL,0,1,0.7288460796487619,High
2386-LAHRK,1,1,0.7285153237652996,High
1100-DDVRV,0,1,0.7283577029233288,High
7851-FLGGQ,1,1,0.7277994623420473,High
2694-CIUMO,0,1,0.7273393048024117,High
9508-ILZDG,0,1,0.7264932050004184,High
6034-YMTOB,0,1,0.7257748297080236,High
1035-IPQPU,0,1,0.7255750743221493,High
5022-JNQEQ,0,1,0.7249826045491571,High
5759-RCVCB,1,1,0.7225989055042061,High
5889-JTMUL,1,1,0.7217897562785819,High
5016-IBERQ,0,1,0.7213568587064672,High
1452-KIOVK,0,1,0.7212783784043587,High
9420-LOJKX,1,1,0.7201837323498089,High
7181-OQCUT,0,1,0.7192543033602403,High
2971-SGAFL,0,1,0.7186170270913829,High
8212-DJRCH,0,1,0.7185639807023912,High
8378-LKJAF,0,1,0.718490091336781,High
3587-PMCOY,0,1,0.7169830181237566,High
9512-UIBFX,1,1,0.7159001570299952,High
9752-ZNQUT,0,1,0.7150035375339526,High
5331-RGMTT,0,1,0.7148842963083059,High
1319-YLZJG,0,1,0.7144357647104315,High
3094-JOJAI,0,1,0.7131759058538136,High
9979-RGMZT,0,1,0.7114198713850842,High
6158-HDPXZ,0,1,0.7108516619961017,High
3932-CMDTD,1,1,0.7100847155128315,High
6543-CPZMK,1,1,0.7096977816652983,High
5129-JLPIS,0,1,0.7095203641485008,High
7460-ITWWP,0,1,0.7085616629101534,High
2277-DJJDL,0,1,0.7084161325724601,High
4317-VTEOA,1,1,0.7081737986605225,High
8080-DDEMJ,1,1,0.7081404026299428,High
4706-DGAHW,0,1,0.7075018930531779,High
4248-QPAVC,1,1,0.7072480514205943,High
7404-JLKQG,0,1,0.7061017018197864,High
2587-EKXTS,0,1,0.7059262147843065,High
2911-WDXMV,0,1,0.7058794213406788,High
3334-CTHOL,1,1,0.7054400921371812,High
9278-VZKCD,0,1,0.7045757035790735,High
1346-UFHAX,0,1,0.7043763136167601,High
8058-DMYRU,0,1,0.7037691390731706,High
8785-CJSHH,0,1,0.7032905574186007,High
6377-WHAOX,0,1,0.7032165850891212,High
6729-GDNGC,0,1,0.7029607564864083,High
9927-DSWDF,0,1,0.7022966872856211,High
0599-XNYDO,0,1,0.702112484664259,High
6402-EJMWF,0,1,0.7017683011268917,High
9576-SYUHJ,0,1,0.7017139435756921,High
2782-LFZVW,0,1,0.7005451891507418,High
6542-LWGXJ,0,1,0.699619022190043,High
6022-UGGSO,1,1,0.6986176322281653,High
2227-JRSJX,0,1,0.6985156610321183,High
1436-ZMJAN,0,1,0.6980528947848585,High
3540-RZJYU,1,1,0.6972110841994079,High
0430-IHCDJ,0,1,0.696732818595217,High
5461-QKNTN,0,1,0.6967116913672514,High
3374-LXDEV,1,1,0.6964900515975588,High
2178-PMGCJ,0,1,0.6957034572632794,High
1833-TCXKK,0,1,0.6942979950524697,High
2606-RMDHZ,1,1,0.6939401869703995,High
5609-IMCGG,0,1,0.6907668845556684,High
9842-EFSYY,0,1,0.6887933809325147,High
6048-QBXKL,0,1,0.6866155725676547,High
9710-ZUSHQ,1,1,0.6854984473200288,High
3524-WQDSG,0,1,0.685366934428063,High
4570-QHXHL,0,1,0.6853346473571985,High
4840-ORQXB,0,1,0.6841608056505903,High
4619-EVPHY,0,1,0.6837868919272722,High
0096-BXERS,0,1,0.6832709207079557,High
1942-OQFRW,0,1,0.6828307496739963,High
8601-QACRS,1,1,0.6821297921986672,High
5828-AVIPD,1,1,0.6808846448821992,High
3780-YVMFA,0,1,0.6803394337758053,High
7129-ACFOG,0,1,0.6795304474999122,High
7663-RGWBC,1,1,0.6790037813831198,High
7504-UWHNB,0,1,0.6788525160280768,High
7529-ZDFXI,0,1,0.6785272415706003,High
9389-ACWBI,0,1,0.6758233351502168,High
5651-YLPRD,0,1,0.6757249961896432,High
3331-HQDTW,1,1,0.6755336108973596,High
6711-VTNRE,1,1,0.674078178520484,High
1261-FWTTE,0,1,0.6730586386236005,High
7277-OZCGZ,0,1,0.670111875089162,High
3466-RITXD,0,1,0.6696782665727318,High
5351-QESIO,0,1,0.6695590402907714,High
3197-ARFOY,0,1,0.6691119078339737,High
3627-FHKBK,1,1,0.6682626222682865,High
6946-LMSQS,1,1,0.6679992140989479,High
5133-POWUA,0,1,0.6678007652350044,High
4237-RLAQD,1,1,0.6674582158405566,High
3891-PUQOD,1,1,0.6669449053050883,High
0410-IPFTY,0,1,0.6662988407678229,High
9369-XFEHK,1,1,0.6654628167895922,High
0322-CHQRU,1,1,0.6654352034759138,High
1536-HBSWP,0,1,0.6650797790315351,High
0365-GXEZS,0,1,0.6641744188066188,High
9286-DOJGF,1,1,0.6640384361565337,High
5692-FPTAH,1,1,0.6631815659840282,High
2277-VWCNI,0,1,0.6618003543553429,High
8158-WPEZG,0,1,0.6616767270924132,High
2432-TFSMK,0,1,0.6615086519198559,High
2988-PLAHS,0,1,0.6600744983106247,High
6317-YPKDH,1,1,0.6596469061427549,High
4526-ZJJTM,0,1,0.657730231625228,High
1310-QRITU,0,1,0.657562893990037,High
4993-JCRGJ,0,1,0.6573232737651029,High
6080-TCMYC,0,1,0.6556794779121631,High
4760-THGOT,0,1,0.6554150157101237,High
6128-AQBMT,0,1,0.6531687629060124,High
8280-MQRQN,1,1,0.6520094937137428,High
4690-LLKUA,1,1,0.6517938417065289,High
6825-UYPFK,1,1,0.6506093863523242,High
9381-NDKME,1,1,0.6494891105440922,High
4678-DVQEO,1,1,0.6490814497427849,High
0310-MVLET,1,1,0.6485407693800715,High
3569-EDBPQ,0,1,0.6482381975845809,High
4905-JEFDW,1,1,0.6476098271358456,High
2960-NKRSO,0,1,0.6470313367227608,High
0015-UOCOJ,0,1,0.6469206651726821,High
4660-IRIBM,0,1,0.6467438772294507,High
0531-ZZJWQ,0,1,0.6461260239569807,High
5213-TWWJU,0,1,0.6448259955486578,High
5301-GAUUY,1,1,0.6437047276113049,High
1816-FLZDK,0,1,0.6413886471778388,High
2070-FNEXE,1,1,0.6392935934097377,High
5419-KLXBN,1,1,0.6390063404178702,High
2604-IJPDU,0,1,0.6358230739731812,High
0730-KOAVE,0,1,0.6355774754579819,High
6710-HSJRD,0,1,0.6352110142173697,High
4829-AUOAX,1,1,0.6338582579853842,High
2452-KDRRH,0,1,0.6336540438747569,High
1471-GIQKQ,0,1,0.6324784663892352,High
6429-SHBCB,0,1,0.631081179413254,High
3237-AJGEH,1,1,0.6306638502812609,High
4329-YPDDQ,0,1,0.6294816246334695,High
3787-TRIAL,0,1,0.6286953712476953,High
9112-WSNPU,0,1,0.6275629399938182,High
0363-QJVFX,1,1,0.6267293143041442,High
9992-UJOEL,0,1,0.6258120538296154,High
8988-ECPJR,1,1,0.6252199163833106,High
2720-FVBQP,0,1,0.6244264293297707,High
6173-GOLSU,0,1,0.6240094776067843,High
4208-UFFGW,1,1,0.6234900039798462,High
9812-GHVRI,0,1,0.6220217018238282,High
4226-KKDON,0,1,0.6200455933060808,High
6304-IJFSQ,1,1,0.619577615145963,High
6845-RGTYS,1,1,0.6182018799325569,High
1465-LNTLJ,0,1,0.6181280814298273,High
0422-UXFAP,0,1,0.6175589853052678,High
2139-FQHLM,0,1,0.6167948728513453,High
4223-WOZCM,0,1,0.6129967002837815,High
5934-TSSAU,0,1,0.612987695229834,High
2386-OWURY,0,1,0.6124831426274654,High
3658-KIBGF,1,1,0.6123781978960081,High
7876-BEUTG,0,1,0.6107434959288742,High
8623-ULFNQ,0,1,0.6106876557492906,High
1357-BIJKI,0,1,0.6095685705966893,High
2101-RANCD,0,1,0.6095618897993756,High
1587-FKLZB,1,1,0.6079567183266965,High
1559-DTODC,0,1,0.6070870480331675,High
0265-PSUAE,0,1,0.6068440480581148,High
6227-HWPWX,1,1,0.6031952432431921,High
2480-SQIOB,0,1,0.6027084063143089,High
4067-HLYQI,0,1,0.597611892788191,High
4323-SADQS,1,1,0.5965628110051984,High
9819-FBNSV,0,1,0.5964451531975175,High
3207-OYBWH,1,1,0.5959597172573626,High
3923-CSIHK,1,1,0.5924045510358441,High
4983-CLMLV,0,1,0.5902868610725832,High
1205-WNWPJ,1,1,0.5896105423806882,High
2672-OJQZP,0,1,0.589598698069393,High
9079-YEXQJ,1,1,0.5871294269477493,High
1895-QTKDO,0,1,0.58264672783778,High
9732-KPKBW,1,1,0.580807852361312,High
7054-LGEQW,1,1,0.580605048867009,High
2257-BOVXD,0,1,0.5799419753618529,High
2770-NSVDG,0,1,0.5785770752584277,High
6646-QVXLR,1,1,0.5735329973584793,High
7669-LCRSD,0,1,0.573282065428426,High
1169-WCVAK,0,1,0.5727300938214774,High
5949-HGVJL,0,1,0.5719549480945644,High
4640-UHDOS,1,1,0.5714002538874822,High
8728-SKJLR,0,1,0.5700601351653292,High
1550-LOAHA,1,1,0.5698280219270807,High
5575-TPIZQ,0,1,0.5696718477255073,High
9661-MHUMO,1,1,0.5695287904668876,High
3466-WAESX,0,1,0.569516995393512,High
9089-UOWJG,0,1,0.5683761478188433,High
5402-HTOTQ,0,1,0.5679478468679662,High
7579-OOPEC,1,1,0.5678757269744973,High
9767-FFLEM,0,1,0.5672981801535444,High
3173-NVMPX,0,1,0.5658633836810615,High
0013-MHZWF,0,1,0.5656697986547743,High
4724-WXVWF,0,1,0.5650512464780584,High
8757-TFHHJ,0,1,0.5630173081205825,High
1956-YIFGE,0,1,0.5623381277860114,High
9822-WMWVG,0,1,0.5623100315170507,High
6234-PFPXL,0,1,0.562157688931959,High
0486-HECZI,1,1,0.5611471308718124,High
8840-DQLGN,1,1,0.5611011851210937,High
7055-HNEOJ,0,1,0.5596793049635926,High
0327-WFZSY,0,1,0.5593470403276277,High
1174-FGIFN,0,1,0.5590496812027399,High
3018-TFTSU,1,1,0.5587266413266062,High
6257-RJOHI,0,1,0.5583774740347324,High
9700-ISPUP,0,1,0.558174620746733,High
6874-SGLHU,0,1,0.5542599076198125,High
7251-LJBQN,0,1,0.5534691011164155,High
0823-HSCDJ,1,1,0.5531726809917666,High
6769-DYBQN,1,1,0.5509666147758425,High
4819-HJPIW,0,1,0.5508469985626613,High
4695-VADHF,1,1,0.5499208200292086,High
0431-APWVY,1,1,0.5496041031379587,High
1370-GGAWX,0,1,0.5482531026891349,High
8033-VCZGH,0,1,0.5481579186726186,High
0979-PHULV,1,1,0.5462446733910027,High
8805-JNRAZ,0,1,0.5454882495926784,High
5438-QMDDL,0,1,0.5447633902892962,High
7067-KSAZT,1,1,0.5428618224016567,High
2190-BCXEC,0,1,0.5421239575833816,High
9327-QSDED,0,1,0.5414402719620822,High
1541-ETJZO,1,1,0.5395718699972346,High
5600-PDUJF,0,1,0.5377549782989365,High
7623-TRNQN,1,1,0.5354472521634194,High
9481-SFCQY,0,1,0.5340934734553456,High
5207-PLSTK,0,1,0.5319629869716163,High
3069-SSVSN,0,1,0.5307616125919645,High
3567-PQTSO,0,1,0.5293638063739582,High
4396-KLSEH,0,1,0.5292822822413477,High
8455-HIRAQ,0,1,0.5280441261742079,High
6713-OKOMC,0,1,0.5245312045030223,High
5103-MHMHY,1,1,0.5240862877601843,High
5136-GFPMB,0,1,0.5238010681774142,High
2195-VVRJF,0,1,0.5237581833059262,High
6559-RAKOZ,0,1,0.5229569809903978,High
7410-KTVFV,1,1,0.521307446630507,High
7250-EQKIY,1,1,0.5203516180964857,High
2279-AXJJK,0,1,0.5200487388630411,High
6664-FPDAC,1,1,0.5197383708722493,High
2692-PFYTJ,0,1,0.519293830926811,High
5804-HYIEZ,0,1,0.5175261540716175,High
3594-KADLU,0,1,0.5168899456509222,High
9163-GHAYE,0,1,0.5166027151319689,High
4937-QPZPO,0,1,0.5143474247330323,High
0668-OGMHD,0,1,0.5141246102327528,High
1217-VASWC,0,1,0.512104357112172,High
5136-RGMZO,0,1,0.5041446579011981,High
3604-WLABM,0,1,0.5032700632680926,High
1575-KRZZE,0,1,0.5018170217563308,High
9103-TCIHJ,1,1,0.5015701751853121,High
6854-EXGSF,0,1,0.5010315186037377,High
7750-EYXWZ,0,1,0.5009406746352371,High
1848-LBZHY,0,1,0.5009400995002892,High
2391-SOORI,1,1,0.5000811292246006,High
2108-YKQTY,1,0,0.4996864661877103,Medium
2828-SLQPF,0,0,0.4994060901632542,Medium
1360-JYXKQ,0,0,0.4989750484552174,Medium
2778-OCLGR,1,0,0.49861591710576375,Medium
9544-PYPSJ,0,0,0.4985302056944309,Medium
7733-UDMTP,0,0,0.4964983939554185,Medium
4468-YDOVK,0,0,0.4942812226840292,Medium
7398-LXGYX,0,0,0.49373332484340976,Medium
2669-QVCRG,0,0,0.49363857410313794,Medium
3325-FUYCG,1,0,0.4932508950434062,Medium
0058-EVZWM,0,0,0.4931415551414572,Medium
0959-WHOKV,0,0,0.49306175360464494,Medium
2924-KHUVI,0,0,0.49287790762908046,Medium
6770-XUAGN,1,0,0.4922759474633901,Medium
6284-KMNUF,0,0,0.4913918794265078,Medium
2522-AHJXR,0,0,0.4905545769117913,Medium
2293-IJWPS,0,0,0.4895475598025249,Medium
0471-ARVMX,0,0,0.4882822163373615,Medium
7854-EKTJL,1,0,0.4877978697868613,Medium
4672-FOTSD,0,0,0.4867614549262273,Medium
1809-DMJHQ,1,0,0.4861539066921544,Medium
7629-WIXZF,0,0,0.4860178087964544,Medium
3756-VNWDH,0,0,0.4859366453536814,Medium
4256-ZWTZI,0,0,0.4843826542728661,Medium
0742-MOABM,1,0,0.4838570142506904,Medium
6815-ABQFQ,0,0,0.4834603303932227,Medium
2478-EEWWM,0,0,0.4829359025284246,Medium
2480-EJWYP,0,0,0.4821627056082988,Medium
7251-XFOIL,0,0,0.4819576148744931,Medium
4524-QCSSM,0,0,0.4811326576293687,Medium
4667-OHGKG,1,0,0.47941265685673096,Medium
8992-CEUEN,0,0,0.47785962978853075,Medium
6366-XIVKZ,0,0,0.4766794477576708,Medium
8450-JOVAH,1,0,0.47610486963353504,Medium
3780-DDGSE,0,0,0.4750020961746204,Medium
2369-FEVNO,0,0,0.47479127797917614,Medium
7054-ENNGU,0,0,0.47444137020839383,Medium
7124-UGSUR,1,0,0.47325603636987423,Medium
1240-KNSEZ,1,0,0.4732517382001026,Medium
7893-IXHRQ,1,0,0.4730248019333448,Medium
4945-RVMTE,0,0,0.4723119132902595,Medium
1470-PSXNM,0,0,0.4720701597356675,Medium
5186-EJEGL,0,0,0.46994395353970847,Medium
1622-HSHSF,0,0,0.4692353243866977,Medium
0701-TJSEF,0,0,0.46819803925881237,Medium
6270-OMFIW,1,0,0.4661179161047278,Medium
6473-ULUHT,0,0,0.46604478242411745,Medium
5949-EBSQK,1,0,0.46556448368048775,Medium
4003-FUSHP,0,0,0.46495024953644504,Medium
6898-MDLZW,0,0,0.46392002199933446,Medium
8620-RJPZN,0,0,0.46363018944296186,Medium
7957-RYHQD,1,0,0.46269801823050316,Medium
7853-WNZSY,0,0,0.46265783106124536,Medium
2995-UPRYS,1,0,0.46048546424423553,Medium
1493-AMTIE,1,0,0.4586649440181836,Medium
3179-GBRWV,0,0,0.4584030704586634,Medium
6890-PFRQX,0,0,0.4578677382084344,Medium
9254-RBFON,1,0,0.45777020872807,Medium
0719-SYFRB,1,0,0.45708772885358245,Medium
7426-WEIJX,0,0,0.4567462949665483,Medium
6773-LQTVT,0,0,0.45561442083645665,Medium
3982-XWFZQ,1,0,0.455220460623054,Medium
5630-AHZIL,0,0,0.45446910561254994,Medium
0913-XWSCN,0,0,0.45428967820866717,Medium
3594-IVHJZ,0,0,0.45183822249957517,Medium
6184-DYUOB,0,0,0.45181064046862324,Medium
4693-VWVBO,0,0,0.4513407688477522,Medium
2955-PSXOE,1,0,0.45045851214340354,Medium
1074-AMIOH,0,0,0.44994449404029546,Medium
8190-ZTQFB,0,0,0.4482037315525061,Medium
2446-ZKVAF,0,0,0.44807563342833556,Medium
1087-UDSIH,1,0,0.4476748906633422,Medium
8166-ORCHU,0,0,0.4430579294203694,Medium
7395-XWZOY,0,0,0.4422613390660162,Medium
8713-IGZSO,0,0,0.44122799237102645,Medium
2087-QAREY,0,0,0.44059649238362314,Medium
8930-XOTDP,0,0,0.43856481446070883,Medium
8409-WQJUX,0,0,0.4368988211337534,Medium
6483-OATDN,0,0,0.4364028812380651,Medium
4160-AMJTL,1,0,0.4359760147038358,Medium
5198-EFNBM,0,0,0.4357082142856471,Medium
2843-CQMEG,0,0,0.4354571224448402,Medium
0463-WZZKO,0,0,0.4342552381827704,Medium
7130-CTCUS,0,0,0.432642482917809,Medium
0516-OOHAR,0,0,0.43047231956015647,Medium
4377-VDHYI,0,0,0.4293177864405508,Medium
1110-KYLGQ,0,0,0.42866762895281224,Medium
9138-EFSMO,0,0,0.4232070609860222,Medium
2758-RNWXS,0,0,0.4231909886729776,Medium
9374-YOLBJ,0,0,0.42259364324691323,Medium
3679-XASPY,0,0,0.421087657574145,Medium
3339-EAQNV,0,0,0.4209169683113045,Medium
0895-LMRSF,0,0,0.420650996368386,Medium
8970-ANWXO,0,0,0.41845809584361987,Medium
1386-ZIKUV,0,0,0.4183836581793578,Medium
4541-RMRLG,1,0,0.41832626057646044,Medium
9629-NHXFW,0,0,0.41830161376883696,Medium
0733-VUNUW,1,0,0.41818418038578653,Medium
9537-VHDTA,0,0,0.41735202612672523,Medium
4016-BJKTZ,0,0,0.41595124983362597,Medium
8985-OOPOS,0,0,0.41571070541929506,Medium
0365-TRTPY,0,0,0.415109888144774,Medium
9033-EOXWV,1,0,0.414370414182536,Medium
3694-GLTJM,0,0,0.4129053171037943,Medium
9788-YTFGE,0,0,0.4117140045303311,Medium
2091-MJTFX,1,0,0.41169655428667323,Medium
5482-NUPNA,1,0,0.41163978723388717,Medium
3794-NFNCH,0,0,0.4098178618453723,Medium
6777-TGHTM,1,0,0.4073297180420603,Medium
3858-XHYJO,0,0,0.40627559318732365,Medium
7134-MJPDY,0,0,0.40541306189737414,Medium
3313-QKNKB,1,0,0.4040461150830873,Medium
4701-MLJPN,1,0,0.4028166997056511,Medium
8495-PRWFH,0,0,0.4027363011928753,Medium
7266-GSSJX,0,0,0.40105721308164655,Medium
5951-AOFIH,0,0,0.40068342975939986,Medium
6258-NGCNG,0,0,0.40005781514483774,Medium
9701-CDXHR,0,0,0.399554933777596,Medium
2750-BJLSB,0,0,0.3992942116249611,Medium
1015-OWJKI,0,0,0.3989256086519148,Medium
9025-ZRPVR,1,0,0.3985415808790827,Medium
0048-LUMLS,0,0,0.39670600792364213,Medium
5766-ZJYBB,1,0,0.39633736523331053,Medium
3639-XJHKQ,0,0,0.39599146891591736,Medium
6421-SZVEM,0,0,0.3942611559779092,Medium
7239-HZZCX,1,0,0.3937549138366786,Medium
3930-ZGWVE,0,0,0.3937549138366786,Medium
4892-VLANZ,1,0,0.39338647267196875,Medium
2252-JHJGE,0,0,0.3926721996022765,Medium
2155-AMQRX,0,0,0.3926705068541186,Medium
6286-SUUWT,0,0,0.3922818782299773,Medium
9844-FELAJ,0,0,0.39222910584748333,Medium
8749-CLJXC,0,0,0.3915460932599395,Medium
6733-LRIZX,0,0,0.3909417648278748,Medium
1855-CFULU,0,0,0.39031654917749703,Medium
1707-HABPF,0,0,0.39030982535656744,Medium
4211-MMAZN,1,0,0.3900760040623211,Medium
9097-ZUBYC,0,0,0.39002945920883797,Medium
5469-CTCWN,1,0,0.38976306776029496,Medium
9122-UMROB,0,0,0.38970879244073214,Medium
9820-RMCQV,1,0,0.38954439800325946,Medium
2668-TZSPS,0,0,0.3886079091870563,Medium
3976-NLDEZ,0,0,0.3875081611725091,Medium
4013-GUXND,0,0,0.38604361372578494,Medium
4237-CLSMM,0,0,0.38587126325557003,Medium
6654-QGBZZ,0,0,0.38478509926846854,Medium
9972-VAFJJ,0,0,0.3825042968081706,Medium
1194-SPVSP,0,0,0.38130708940942903,Medium
1963-VAUKV,1,0,0.3811373080106363,Medium
2308-STERM,0,0,0.37944526352423674,Medium
9565-JSNFM,1,0,0.3788205967194844,Medium
6383-ZTSIW,0,0,0.3783099364492402,Medium
4753-PADAS,0,0,0.37825817297720915,Medium
1051-GEJLJ,0,0,0.3770337571811134,Medium
9139-WQQDY,1,0,0.3766752547168928,Medium
0816-TSPHQ,0,0,0.3765152601877172,Medium
4184-VODJZ,0,0,0.374640874548448,Medium
2700-LUEVA,0,0,0.37383770763727703,Medium
6497-TILVL,0,0,0.3732600771676839,Medium
6776-TLWOI,1,0,0.3730898178667314,Medium
3090-QFUVD,0,0,0.36935280174464885,Medium
2839-RFSQE,1,0,0.36922804278867016,Medium
7919-ZODZZ,0,0,0.3685577567161067,Medium
3847-BAERP,0,0,0.36839527542863226,Medium
1784-BXEFA,0,0,0.3679666739062913,Medium
5140-FOMCQ,0,0,0.36591302717537527,Medium
1385-TQOZW,0,0,0.3652265081649717,Medium
9040-KZVWO,0,0,0.364864073303834,Medium
7017-VFULY,0,0,0.36462484048561533,Medium
0178-CIIKR,0,0,0.36433688660920266,Medium
3413-CSSTH,0,0,0.3596413837868639,Medium
0870-VEMYL,1,0,0.35787070006612637,Medium
2659-VXMWZ,1,0,0.3568412118253957,Medium
9909-DFRJA,0,0,0.3566169036538597,Medium
4402-FTBXC,0,0,0.35600073033111795,Medium
5155-AZQPB,0,0,0.35590697622312506,Medium
1629-DQQVB,0,0,0.3552749644880069,Medium
6112-KTHFQ,0,0,0.3490333637825301,Medium
3948-FVVRP,0,0,0.34873451710845194,Medium
8433-WPJTV,0,0,0.3482532931455099,Medium
4701-AHWMW,1,0,0.3472784589082367,Medium
0484-FFVBJ,0,0,0.34658302852744044,Medium
4190-MFLUW,1,0,0.34504703277616006,Medium
4075-JFPGR,0,0,0.3443564970727759,Medium
4700-UBQMV,0,0,0.34367289538832413,Medium
0440-QEXBZ,0,0,0.34297708145905775,Medium
5473-KHBPS,0,0,0.34212867047905626,Medium
2159-TURXX,0,0,0.3394328315393906,Medium
2040-OBMLJ,0,0,0.3388966834841744,Medium
3523-QRQLL,1,0,0.3384850852459839,Medium
9986-BONCE,1,0,0.33530560663035813,Medium
9962-BFPDU,0,0,0.33512757861940656,Medium
3675-EQOZA,0,0,0.3346830585107646,Medium
5850-BDWCY,0,0,0.33377245910337655,Medium
9364-YKUVW,0,0,0.3333238456156706,Medium
3865-ZYKAD,0,0,0.331597356083961,Medium
8053-WWDRO,1,0,0.33127072629068455,Medium
2212-LYASK,0,0,0.3311298519348583,Medium
1852-XEMDW,0,0,0.33105820861090207,Medium
7356-AYNJP,0,0,0.3305750150229516,Medium
1360-XFJMR,0,0,0.33017085090833637,Medium
9115-YQHGA,0,0,0.328937089325118,Medium
7789-CRUVC,0,0,0.3276631238714775,Medium
2748-MYRVK,1,0,0.3245033938927911,Medium
0373-AIVNJ,0,0,0.32302863628790507,Medium
5440-VHLUL,0,0,0.3217885618793057,Medium
6583-SZVGP,0,0,0.32147117369169714,Medium
7879-CGSFV,0,0,0.32094442075080937,Medium
3011-WQKSZ,0,0,0.3201221602467885,Medium
5014-WUQMG,0,0,0.31963126052362517,Medium
2972-YDYUW,0,0,0.3195233408451004,Medium
4332-MUOEZ,0,0,0.31907026575939657,Medium
4946-EDSEW,1,0,0.31861509928018183,Medium
1346-PJWTK,0,0,0.3145041314055739,Medium
7764-BDPEE,0,0,0.31437564638272775,Medium
4079-VTGLK,0,0,0.3129520504719287,Medium
5966-EMAZU,0,0,0.30947861932250054,Medium
5533-RJFTJ,0,0,0.30710241723712495,Medium
0665-XHDJU,0,0,0.30687794972389854,Medium
5921-NGYRH,0,0,0.3065676785543022,Medium
0447-BEMNG,1,0,0.3058704586666092,Medium
5240-CAOYT,0,0,0.30586757241092827,Medium
8671-KKKOS,0,0,0.3053548944410841,Medium
2969-WGHQO,0,0,0.30408282315524443,Medium
5863-OOKCL,0,0,0.30395841919201744,Medium
2001-MCUUW,0,0,0.3020483624884474,Medium
9633-DENPU,0,0,0.3017017110498707,Medium
0997-YTLNY,0,0,0.30063944678577215,Medium
8849-GYOKR,1,0,0.2999648725132201,Medium
2294-DMMUS,0,0,0.2993430997488016,Medium
4489-SNOJF,1,0,0.2979353149174279,Medium
5566-SOEZD,0,0,0.29688413953362003,Medium
6198-PNNSZ,0,0,0.29687862769754164,Medium
2428-ZMCTB,0,0,0.2958484280014403,Medium
4830-FAXFM,0,0,0.2937419811508068,Medium
3077-RSNTJ,0,0,0.2913246797376938,Medium
9039-RBEEE,1,0,0.29122349017028476,Medium
6164-HXUGH,0,0,0.2906178711860091,Medium
2001-EWBQU,0,0,0.2892461850693213,Medium
3680-CTHUH,0,0,0.28724150971893814,Medium
2233-TXSIU,0,0,0.28718118036802676,Medium
2019-HDCZY,0,0,0.2840292383786209,Medium
9107-UKCKY,0,0,0.2832875592391816,Medium
9357-UJRUN,0,0,0.2823680891647129,Medium
5081-NWSUP,0,0,0.28229982650324703,Medium
3181-MIZBN,0,0,0.28172864132209774,Medium
4002-BQWPQ,0,0,0.28111157275953247,Medium
0297-RBCSG,0,0,0.28086869933414843,Medium
8401-EMUWF,0,0,0.28075797933436053,Medium
9367-TCUYN,0,0,0.2792127297436724,Medium
6838-HVLXG,0,0,0.2789531138365326,Medium
3623-FQBOX,0,0,0.27754815351481693,Medium
7531-GQHME,0,0,0.2772492635495321,Medium
9256-JTBNZ,0,0,0.2772099080125103,Medium
4353-HYOJD,0,0,0.27698214817229605,Medium
9480-BQJEI,0,0,0.2763482962134355,Medium
8457-XIGKN,0,0,0.27586881990438084,Medium
7572-KPVKK,0,0,0.27446315982843483,Medium
6900-RBKER,0,0,0.2735481341540038,Medium
5025-GOOKI,0,0,0.27324933871333446,Medium
4785-QRJHC,1,0,0.27075541672841663,Medium
2923-ARZLG,0,0,0.2707223132305245,Medium
0257-KXZGU,0,0,0.2705263901176787,Medium
7159-NOKYQ,0,0,0.26859648620065635,Medium
0440-UEDAI,0,0,0.2683044008882831,Medium
7311-MQJCH,0,0,0.26723578360252004,Medium
8735-NBLWT,0,0,0.26482359495727054,Medium
0516-UXRMT,0,0,0.264011249363486,Medium
1131-SUEKT,0,0,0.26349056453010594,Medium
0076-LVEPS,0,0,0.26323721811436834,Medium
2307-FYNNL,0,0,0.260465981425808,Medium
2958-NHPPS,0,0,0.25859903405604745,Medium
3729-OWRVL,0,0,0.2583547092290145,Medium
6568-POCUI,0,0,0.254083289987975,Medium
3896-RCYYE,0,0,0.25370282845035363,Medium
3571-DPYUH,0,0,0.2532257239624367,Medium
7803-XOCCZ,0,0,0.2526327403966054,Medium
9378-FXTIZ,1,0,0.2517533743899788,Medium
0377-JBKKT,0,0,0.25147713819663425,Medium
6297-NOOPG,0,0,0.25084831426596405,Medium
0743-HRVFF,0,0,0.25051348061552065,Medium
8034-RYTVV,0,0,0.25024041508334194,Medium
1492-QGCLU,0,0,0.2501521826834024,Medium
9143-CANJF,0,0,0.24968331112647438,Low
6784-XYJAE,0,0,0.24957998197097606,Low
9128-CPXKI,0,0,0.24883736365594078,Low
3733-UOCWF,0,0,0.2455778180864094,Low
1218-VKFPE,1,0,0.24541492139649423,Low
0289-IVARM,0,0,0.243790816180347,Low
6933-FHBZC,0,0,0.2434147392166647,Low
2165-VOEGB,1,0,0.24333408667994763,Low
0536-ACXIP,0,0,0.24277757091419006,Low
7641-TQFHN,0,0,0.24078230385962246,Low
5161-XEUVX,0,0,0.24001540334115093,Low
9013-AQORL,0,0,0.2397871399128935,Low
7666-WKRON,1,0,0.23922725024960648,Low
9972-NKTFD,0,0,0.23828000667843258,Low
6968-MHOMU,0,0,0.23727490354027742,Low
3893-JRNFS,0,0,0.2372101442881164,Low
8780-RSYYU,0,0,0.234536391060272,Low
4419-UJMUS,0,0,0.23389565251699446,Low
2250-IVBWA,0,0,0.23269340400567162,Low
3594-UVONA,1,0,0.2318351902808883,Low
1530-ZTDOZ,0,0,0.23054871594969312,Low
1395-OFUWC,0,0,0.229586763539347,Low
1730-VFMWO,0,0,0.22845036602801272,Low
5360-LJCNJ,0,0,0.22798537617095596,Low
5027-YOCXN,0,0,0.22684251728179855,Low
5445-PZWGX,1,0,0.22682679260324434,Low
2926-JEJJC,0,0,0.22628445776171432,Low
4759-PXTAN,0,0,0.2259839413830752,Low
9052-DHNKM,0,0,0.22526495564288834,Low
2533-QVMSK,1,0,0.2247169762963916,Low
6598-RFFVI,1,0,0.22377119772432671,Low
1744-JHKYS,0,0,0.22313118107692478,Low
5808-TOTXO,0,0,0.22268547334466712,Low
3096-WPXBT,0,0,0.2224611227967861,Low
2272-WUSPA,0,0,0.22045914781385123,Low
4501-UYKBC,0,0,0.2201894304656957,Low
8582-KRHPJ,0,0,0.22002722758314916,Low
6242-SGYTS,0,0,0.21975826309299523,Low
9715-WZCLW,0,0,0.21939895459574038,Low
9330-VOFSZ,0,0,0.21879608745783252,Low
6968-URWQU,0,0,0.21680542929459337,Low
2930-UOTMB,1,0,0.21563428891706202,Low
8909-BOLNL,0,0,0.21561538082185297,Low
5619-XZZKR,0,0,0.21483275258606266,Low
7654-YWJUF,0,0,0.21379052761664438,Low
5537-UXXVS,0,0,0.21366648495546298,Low
0725-CXOTM,0,0,0.212625012397101,Low
1264-FUHCX,0,0,0.21113189384418896,Low
5514-YQENT,0,0,0.2110726820024855,Low
7997-EASSD,0,0,0.21091481598848535,Low
5236-PERKL,1,0,0.21028233312299652,Low
5446-DKWYW,0,0,0.2090429124782445,Low
6993-YCOBK,0,0,0.2086746824346969,Low
2967-MXRAV,0,0,0.2073166869723471,Low
5701-GUXDC,0,0,0.20729907521795743,Low
7036-TYDEC,0,0,0.20665476149013473,Low
9308-ANMVE,0,0,0.20495662478825932,Low
9586-JGQKH,0,0,0.2029128254176095,Low
1729-VLAZJ,0,0,0.20271311590639424,Low
6766-HFKLA,0,0,0.20259300747048067,Low
9405-GPBBG,0,0,0.2014294072368371,Low
2834-JKOOW,0,0,0.20029135787773036,Low
2239-CFOUJ,0,0,0.1993159865992345,Low
0106-UGRDO,0,0,0.19873296063435933,Low
8646-JCOMS,0,0,0.19698271712905763,Low
2129-ALKBS,0,0,0.1968771778086085,Low
3324-OIRTO,0,0,0.1966969187099127,Low
8089-UZWLX,0,0,0.19655461965688026,Low
4464-JCOLN,1,0,0.1951152930863437,Low
7010-ZMVBF,0,0,0.19409953678803368,Low
3354-OADJP,0,0,0.19345110994116055,Low
1038-RQOST,0,0,0.19314082132013455,Low
3229-USWAR,0,0,0.1915158873294114,Low
2746-DIJLO,0,0,0.19142938190380027,Low
5018-LXQQG,0,0,0.18983803041412448,Low
0164-APGRB,0,0,0.18975882994198956,Low
5709-LVOEQ,0,0,0.18834640390555885,Low
9931-KGHOA,0,0,0.18779579584052397,Low
9822-BIIGN,0,0,0.18721152985205408,Low
1444-VVSGW,1,0,0.1869176734759216,Low
0628-CNQRM,1,0,0.1865072215493672,Low
6682-QJDGB,1,0,0.18489258595302874,Low
7691-XVTZH,0,0,0.18408550527504214,Low
4223-BKEOR,0,0,0.18369530149064553,Low
5049-MUBWG,0,0,0.183330404986895,Low
0661-KBKPA,0,0,0.1826920652475194,Low
9473-CBZOP,0,0,0.1820839869171647,Low
7663-CUXZB,0,0,0.18198515015976002,Low
6734-FQAJX,0,0,0.1817082118014677,Low
2408-PSJVE,0,0,0.17953827057821967,Low
0980-FEXWF,0,0,0.17945095974843112,Low
5271-YNWVR,1,0,0.17885136865851714,Low
2522-WLNSF,0,0,0.1777553096508458,Low
1545-JFUML,0,0,0.17774757911139485,Low
9313-QOLTZ,0,0,0.17734947885977564,Low
2877-VDUER,0,0,0.17706862794294914,Low
5857-XRECV,0,0,0.176081976262101,Low
0134-XWXCE,0,0,0.1751665286603418,Low
6967-PEJLL,0,0,0.1751052923654958,Low
7816-VGHTO,0,0,0.17509170385170575,Low
9866-OCCKE,0,0,0.17490414326776055,Low
5753-QQWPW,0,0,0.17468299924188518,Low
8819-ZBYNA,0,0,0.1746614858375482,Low
7492-TAFJD,0,0,0.17429733437306127,Low
8573-JGCZW,0,0,0.1741160333060238,Low
0983-TATYJ,0,0,0.17393145748192784,Low
7233-IOQNP,0,0,0.1729532383318646,Low
1097-FSPVW,0,0,0.17253936703658304,Low
5062-CJJKH,0,0,0.17249987873831682,Low
1136-XGEQU,0,0,0.1719975052860613,Low
9402-ROUMJ,0,0,0.17194959762763917,Low
1952-DVVSW,0,0,0.17179353070907236,Low
7649-PHJVR,0,0,0.17125164119750452,Low
4137-JOPHL,0,0,0.171248397514563,Low
3530-VWVGU,0,0,0.17008768241108993,Low
7032-LMBHI,0,0,0.16970408538116444,Low
5524-KHNJP,0,0,0.16792712898620762,Low
5297-MDOIR,0,0,0.16585841022921724,Low
7762-ONLJY,0,0,0.16509355966876377,Low
6075-QMNRR,0,0,0.1619313329117953,Low
5975-BAICR,0,0,0.16172080340566164,Low
3750-YHRYO,0,0,0.16079433818793853,Low
2788-CJQAQ,0,0,0.15978261448994768,Low
2171-UDMFD,0,0,0.15883943637723988,Low
2323-ARSVR,0,0,0.1559021200859123,Low
9142-XMYJH,0,0,0.1550241725863943,Low
8015-IHCGW,0,0,0.15490226926400208,Low
5236-XMZJY,0,0,0.15210027194547227,Low
2388-LAESQ,0,0,0.15177537356467252,Low
9351-HXDMR,0,0,0.15116543998252313,Low
7677-SJJJK,0,0,0.1507837474631907,Low
5671-RQRLP,0,0,0.1498888302096209,Low
9483-GCPWE,0,0,0.1495425392523205,Low
2798-NYLMZ,0,0,0.14946873181233833,Low
6797-LNAQX,1,0,0.14861816961313815,Low
7971-HLVXI,0,0,0.14833053667288504,Low
0074-HDKDG,0,0,0.14818557651686307,Low
8741-LQOBK,0,0,0.14817774437649384,Low
4537-CIBHB,0,0,0.14652718858335992,Low
8591-TKMZH,0,0,0.14554498771837648,Low
1036-GUDCL,0,0,0.14415841362175388,Low
8570-KLJYJ,0,0,0.1428705108600308,Low
9917-KWRBE,0,0,0.14285211618387764,Low
9412-ARGBX,1,0,0.14177113162210256,Low
0727-BNRLG,0,0,0.1416699392660059,Low
8727-XDPUD,0,0,0.14139858623953044,Low
3301-VKTGC,0,0,0.1413650513856095,Low
5442-BXVND,0,0,0.14102865534419398,Low
0307-BCOPK,0,0,0.14072471580968973,Low
8690-UPCZI,0,0,0.14052470652679444,Low
7191-ADRGF,0,0,0.14048600514524986,Low
9070-BCKQP,0,0,0.1403983396704365,Low
6434-TTGJP,0,0,0.13973410225203547,Low
7838-LAZFO,0,0,0.1387179614837304,Low
0866-QLSIR,1,0,0.13727204105920943,Low
2368-GAKKQ,0,0,0.13687044080083574,Low
2907-ILJBN,0,0,0.13543551444060903,Low
9220-ZNKJI,0,0,0.13417544164736975,Low
9637-CDTKZ,0,0,0.13411448647458865,Low
9313-CDOGY,0,0,0.13265116291093998,Low
5505-OVWQW,0,0,0.1318546910722105,Low
9860-LISIZ,0,0,0.13091726519843502,Low
9298-WGMRW,0,0,0.1306096081124856,Low
3766-EJLFL,0,0,0.13004750530142678,Low
1150-WFARN,1,0,0.12816833564452174,Low
1133-KXCGE,0,0,0.12801197012601512,Low
7369-TRPFD,0,0,0.12793452907520117,Low
8777-PVYGU,0,0,0.12660557745439419,Low
4359-INNWN,0,0,0.12583833905097175,Low
7279-NMVJC,0,0,0.12576567438998598,Low
6919-ELBGL,0,0,0.12504303760532648,Low
9534-NSXEM,0,0,0.12389542983447588,Low
1131-ALZWV,0,0,0.12329570666513086,Low
4627-MIHJH,0,0,0.12325839656180182,Low
5061-PBXFW,0,0,0.1229455333047371,Low
6445-TNRXS,0,0,0.12159291687548562,Low
0056-EPFBG,0,0,0.1205209740269627,Low
0868-VJRDR,0,0,0.12013748921607649,Low
8400-WZICQ,0,0,0.12001089119065193,Low
9330-DHBFL,0,0,0.11978993116387468,Low
2320-TZRRH,0,0,0.11975981488186335,Low
5468-BPMMO,0,0,0.11964233525488853,Low
1936-CZAKF,0,0,0.1190603981559299,Low
1741-WTPON,0,0,0.11887836006549468,Low
9209-NWPGU,0,0,0.1187458490597314,Low
4376-KFVRS,0,0,0.11806259169958759,Low
4717-GHADL,0,0,0.1180209549062687,Low
2061-VVFST,0,0,0.11743262640283947,Low
4378-MYPGO,0,0,0.11721890464790095,Low
3396-DKDEL,0,0,0.11599988499578355,Low
7375-WMVMT,0,0,0.11598573005933993,Low
4086-ATNFV,0,0,0.11587408684448572,Low
8915-NNTRC,0,0,0.11539647700881772,Low
9758-MFWGD,0,0,0.115229760485928,Low
9289-LBQVU,0,0,0.11470568325734769,Low
0019-EFAEP,0,0,0.11427453972627603,Low
6726-NNFWD,0,0,0.11219811743615309,Low
4973-RLZVI,0,0,0.11207320595499343,Low
3115-CZMZD,0,0,0.11199318187817413,Low
0254-KCJGT,0,0,0.1118473095996942,Low
7338-ERIVA,0,0,0.11161210661147772,Low
2325-ZUSFD,1,0,0.11132967770553523,Low
2245-ADZFJ,0,0,0.11084344674710007,Low
9906-NHHVC,0,0,0.1097218215685334,Low
7996-BPXHY,0,0,0.10896807532260247,Low
6848-YLDFR,0,0,0.10863572865771044,Low
6527-PZFPV,0,0,0.10862683171106637,Low
6194-HBGQN,0,0,0.1081675984803642,Low
2188-SXWVT,0,0,0.10758519319427345,Low
3125-RAHBV,0,0,0.10716241336802582,Low
4304-TSPVK,0,0,0.10673625768670786,Low
0017-IUDMW,0,0,0.10603107811580907,Low
7359-WWYJV,0,0,0.10436504817014294,Low
6374-NTQLP,0,0,0.10429047368858796,Low
7520-HQWJU,0,0,0.10427327980577238,Low
8024-XNAFQ,0,0,0.10388344584326588,Low
2511-MORQY,0,0,0.10262512528237255,Low
1271-UODNO,0,0,0.10195902512796307,Low
9746-UGFAC,0,0,0.10193068776412648,Low
5204-HMGYF,0,0,0.10089064009688076,Low
7690-KPNCU,0,0,0.10060212546143145,Low
8763-KIAFH,0,0,0.10034594430805889,Low
9867-XOBQA,0,0,0.09985596264003294,Low
0121-SNYRK,0,0,0.09916538159068206,Low
9640-ZSLDC,0,0,0.0987676112514815,Low
9777-IQHWP,0,0,0.0985110744556884,Low
3985-HOYPM,0,0,0.09849883676276532,Low
1936-UAFEH,0,0,0.09778397211719514,Low
5696-CEIQJ,0,0,0.09672782590289289,Low
9030-QGZNL,0,0,0.09669680348883812,Low
5825-XJOCM,0,0,0.09643047394230003,Low
8779-YIQQA,0,0,0.0961849280042066,Low
3926-YZVVX,0,0,0.09614188480480067,Low
8809-XKHMD,0,0,0.09610636519667617,Low
5574-NXZIU,0,0,0.09481685030828566,Low
6061-GWWAV,0,0,0.09412259508410155,Low
4709-LKHYG,0,0,0.09394369043210653,Low
9720-JJJOR,0,0,0.09385381962364228,Low
4500-HKANN,0,0,0.0932585790523404,Low
6461-PPAXN,0,0,0.09283115210598034,Low
3717-FDJFU,0,0,0.09206767653866767,Low
2676-SSLTO,0,0,0.09194930688126074,Low
9648-BCHKM,0,0,0.09167611343047195,Low
1929-ZCBHE,0,0,0.09111074794594529,Low
5245-VDBUR,0,0,0.0910604778921424,Low
5469-NUJUR,0,0,0.09035890056836778,Low
6698-OXETB,0,0,0.09002631580437696,Low
6823-SIDFQ,0,0,0.08919143949836948,Low
7581-EBBOU,0,0,0.08899017140852675,Low
2150-OEGBV,0,0,0.08864049729326615,Low
5495-GPSRW,0,0,0.08797328210727841,Low
7471-MQPOS,0,0,0.08773465334272271,Low
1063-DHQJF,0,0,0.087665409272842,Low
8873-TMKGR,0,0,0.08749109603284376,Low
9108-EQPNQ,0,0,0.08701737123188841,Low
3442-ZHHCC,0,0,0.08648053618840223,Low
3055-VTCGS,0,0,0.0861616063861068,Low
5820-PTRYM,0,0,0.08612507124089844,Low
3705-PSNGL,1,0,0.085720796481247,Low
8314-HTWVE,0,0,0.08538353083127954,Low
5063-IUOKK,0,0,0.08473645924704773,Low
0181-RITDD,0,0,0.08453872748223039,Low
7636-PEPNS,0,0,0.08382547234889717,Low
5917-RYRMG,0,0,0.08358083813282918,Low
3982-JGSFD,0,0,0.08357822471393311,Low
9530-GRMJG,0,0,0.08344940882109544,Low
3506-OVLKD,0,0,0.0816632765135647,Low
3831-YCPUO,0,0,0.08126964736248797,Low
5519-TEEUH,0,0,0.08120656202625584,Low
7322-OCWHC,0,0,0.0811620990831658,Low
4877-TSOFF,0,0,0.08114980064890677,Low
6519-ZHPXP,0,0,0.08110159856848262,Low
4648-YPBTM,0,0,0.08078649070044092,Low
7632-YUTXB,0,0,0.08071185022059416,Low
8782-NUUOL,0,0,0.08051762475750053,Low
6322-HRPFA,0,0,0.0804903953134894,Low
2335-GSODA,0,0,0.07996960187314475,Low
2541-YGPKE,0,0,0.0796685801946408,Low
1139-WUOAH,0,0,0.07930352502515571,Low
7337-CINUD,0,0,0.07873192962096201,Low
5170-PTRKA,0,0,0.07852244508030842,Low
4530-NDRKU,0,0,0.07838557086271668,Low
5057-RKGLH,0,0,0.0779338622975664,Low
4981-FLTMF,0,0,0.07758127139542714,Low
4227-OJHAL,0,0,0.07752290049723765,Low
1023-BQXZE,0,0,0.07711870659902077,Low
2088-IEBAU,0,0,0.0771062864706383,Low
6013-BHCAW,0,0,0.07668542250915343,Low
1494-EJZDW,0,0,0.07549851323427138,Low
4702-HDRKD,0,0,0.07409597028455421,Low
8869-TORSS,1,0,0.07385988317660244,Low
1776-SPBWV,0,0,0.07293716453392625,Low
5318-YKDPV,0,0,0.07281892075756817,Low
4560-WQAQW,0,0,0.07218537662695013,Low
5893-PYOLZ,0,0,0.07187067622526049,Low
8717-VCTXJ,0,0,0.07126136033698395,Low
6064-ZATLR,0,0,0.07124203864323352,Low
1265-HVPZB,0,0,0.0710264522392958,Low
9919-FZDED,0,0,0.07068175917144374,Low
3812-LRZIR,0,0,0.07025425415278197,Low
4962-CHQPW,0,0,0.06942016346511064,Low
0164-XAIRP,0,0,0.06916907290366027,Low
9926-PJHDQ,0,0,0.06905518749063135,Low
6223-DHJGV,0,0,0.06853264170587633,Low
4737-HOBAX,0,0,0.06681164786197186,Low
3865-ZFZIB,0,0,0.06670292305853229,Low
9824-QCJPK,0,0,0.06572714304737068,Low
2266-FUBDZ,0,0,0.06479857255575151,Low
7061-OVMIM,0,0,0.06365302939671309,Low
1525-LNLOJ,0,0,0.06343765084567636,Low
6872-HXFNF,0,0,0.06331768975335725,Low
0979-MOZQI,0,0,0.06244378467753381,Low
6418-HNFED,0,0,0.06215697476019206,Low
0513-RBGPE,0,0,0.06202356608619967,Low
5313-FPXWG,0,0,0.061831627881374834,Low
4703-MQYKT,0,0,0.06157673618670366,Low
9385-NXKDA,0,0,0.06116327353124892,Low
0559-CKHUS,0,0,0.06008673170725981,Low
8390-FESFV,0,0,0.05940956862884194,Low
1090-ESELR,0,0,0.05933355693558008,Low
6203-HBZPA,0,0,0.05907665637633276,Low
3649-JPUGY,0,0,0.05867031076141537,Low
4039-PIMHX,0,0,0.05809342272772289,Low
9945-PSVIP,0,0,0.05764230053784412,Low
9359-UGBTK,0,0,0.05751340697298297,Low
5380-XPJNZ,0,0,0.0574315013498875,Low
3489-VSFRD,0,0,0.056314468051138225,Low
9548-LERKT,0,0,0.055622503862820895,Low
2892-GESUL,0,0,0.05536207017293874,Low
5702-KVQRD,0,0,0.05466367654904499,Low
5924-SNGKP,0,0,0.05457121382204543,Low
8345-MVDYC,0,0,0.05396049348780277,Low
0263-FJTQO,0,0,0.05275754126872968,Low
6681-ZSEXG,0,0,0.05149717270386687,Low
6814-ZPWFQ,0,0,0.0514213184159005,Low
0707-HOVVN,0,0,0.05130245282159153,Low
4751-ERMAN,0,0,0.05111795316388602,Low
5696-JVVQY,0,0,0.05052011960373824,Low
3978-YNKDD,0,0,0.05046694624331671,Low
0230-UBYPQ,0,0,0.050174010665972046,Low
0298-XACET,0,0,0.04968715721878358,Low
2812-REYAT,0,0,0.04904672872117276,Low
5751-USDBL,0,0,0.04904461456324056,Low
0057-QBUQH,0,0,0.04884090961694617,Low
1122-YJBCS,0,0,0.04859354850942464,Low
2332-TODQS,0,0,0.04837807999453061,Low
9950-MTGYX,0,0,0.04821391793092585,Low
2987-BJXIK,0,0,0.04809735932031321,Low
2805-AUFQN,0,0,0.048050682472095006,Low
8590-OHDIW,0,0,0.04734562989706101,Low
6701-YVNQG,0,0,0.04718583406427817,Low
5498-IBWPI,0,0,0.0471112557526214,Low
9339-FIIJL,0,0,0.04647514441913229,Low
8626-PTQGE,0,0,0.045653660930543995,Low
6119-SPUDB,0,0,0.0454545420785841,Low
1227-UDMZR,0,0,0.04543131036316266,Low
4213-HKBJO,0,0,0.04400373435994728,Low
0909-SELIE,0,0,0.04396062957859876,Low
6685-GBWJZ,0,0,0.043189002934016577,Low
8173-RXAYP,0,0,0.04315478563434706,Low
4335-UPJSI,0,0,0.04276377424240508,Low
6332-FBZRI,0,0,0.04232645607253382,Low
7401-JIXNM,0,0,0.042144533256181574,Low
0788-DXBFY,0,0,0.042130862773493954,Low
3251-YMVWZ,0,0,0.04212862848115292,Low
1568-BEKZM,0,0,0.041950698443275876,Low
9674-EHPPG,0,0,0.0419502461101263,Low
7216-KAOID,0,0,0.04189716137248523,Low
9610-WCESF,0,0,0.04104747815829541,Low
1088-AUUZZ,0,0,0.04102080934619696,Low
9968-FFVVH,0,0,0.04085125219526646,Low
5774-QPLTF,0,0,0.040785938047251044,Low
0123-CRBRT,0,0,0.039944546327723235,Low
4654-ULTTN,0,0,0.03882634142880224,Low
4955-VCWBI,0,0,0.038697742370057055,Low
8181-YHCMF,0,0,0.038483042638154524,Low
3161-ONRWK,0,0,0.03803837367352357,Low
4121-AGSIN,0,0,0.03777213615632661,Low
9073-ZZIAY,0,0,0.03764432686331721,Low
6953-PBDIN,0,0,0.03679836145035905,Low
4825-FUREZ,0,0,0.03665168364508509,Low
9067-SQTNS,0,0,0.03635164277574775,Low
5727-MYATE,0,0,0.036298937386232716,Low
3508-VLHCZ,0,0,0.035874282928164726,Low
5266-PFRQK,0,0,0.03583766356098939,Low
8430-TWCBX,0,0,0.03575179257446197,Low
0420-TXVSG,0,0,0.03560646616957747,Low
7205-BAIAD,0,0,0.03533181509355896,Low
5329-KRDTM,0,0,0.03516538425908496,Low
7649-SIJJF,0,0,0.03499118726776673,Low
0048-PIHNL,0,0,0.03498825242501931,Low
0625-AFOHS,0,0,0.03467594302188785,Low
0301-FIDRB,0,0,0.03465520897281277,Low
2824-DXNKN,0,0,0.0338989744566233,Low
3967-KXAPS,0,0,0.033462096348977156,Low
6388-TABGU,0,0,0.03308416325160168,Low
2885-HIJDH,0,0,0.03258920114263633,Low
2990-IAJSV,0,0,0.0325332268035925,Low
8292-ITGYJ,0,0,0.031661828078824616,Low
0839-JTCUD,0,0,0.031330311963868374,Low
2649-HWLYB,0,0,0.031184124709832704,Low
8219-VYBVI,0,0,0.030987177676277598,Low
0379-DJQHR,0,0,0.029600443769762994,Low
3487-EARAT,0,0,0.029486527530027982,Low
1459-QNFQT,0,0,0.029040898120388677,Low
6374-AFWOX,0,0,0.02887674771867085,Low
4674-HGNUA,0,0,0.028563648019062464,Low
2925-VDZHY,0,0,0.02855795909920341,Low
8580-QVLOC,1,0,0.028304092626181547,Low
5845-BZZIB,0,0,0.027888610170945446,Low
7560-QJAVJ,0,0,0.027830648130235235,Low
5181-OABFK,0,0,0.02752171340561324,Low
4735-BJKOU,0,0,0.027184960179648998,Low
7408-OFWXJ,0,0,0.02679965364498791,Low
0608-JDVEC,0,0,0.02679016235272045,Low
6169-PPETC,0,0,0.026674010830657926,Low
2263-SFSQZ,0,0,0.026468194877813656,Low
6288-CHQJB,0,0,0.02642930023699023,Low
1716-LSAMB,0,0,0.026204023239003386,Low
9588-YRFHY,0,0,0.02581252690126032,Low
1047-RNXZV,0,0,0.025298583923169717,Low
4012-YCFAI,0,0,0.02517209232184246,Low
4521-WFJAI,0,0,0.02489633701879022,Low
5296-BFCYD,0,0,0.024789175744752503,Low
0052-YNYOT,0,0,0.024491853843524675,Low
7998-WNZEM,0,0,0.023779470782042567,Low
6080-LNESI,0,0,0.02365514535036827,Low
0732-OCQOC,0,0,0.023352300721974813,Low
6292-TOSSS,0,0,0.023160150238311878,Low
0769-MURVM,0,0,0.023098721112397667,Low
4940-KHCWD,0,0,0.02286105563449475,Low
5803-NQJZO,0,0,0.02283885049049959,Low
9755-JHNMN,0,0,0.022719564092652016,Low
4779-ZGICK,0,0,0.022613220592858717,Low
8241-JUIQO,0,0,0.022442851925296648,Low
6164-HAQTX,0,0,0.02215871452099276,Low
5324-KTGCG,0,0,0.022117018833521674,Low
6096-EGVTU,0,0,0.022035227372198065,Low
5457-COLHT,0,0,0.02102886993361764,Low
2954-PIBKO,0,0,0.020393193332875398,Low
3470-OBUET,0,0,0.020324669200871264,Low
6365-HITVU,0,0,0.019906442271220584,Low
3948-KXDUF,0,0,0.019204834257306624,Low
8338-QIUNR,0,0,0.01919344398031786,Low
4698-KVLLG,0,0,0.019043416450912863,Low
6283-GITPX,0,0,0.018917101478400127,Low
6248-BSHKG,0,0,0.018898573797083706,Low
0562-FGDCR,0,0,0.018819020583381613,Low
4299-OPXEJ,0,0,0.018499406501679635,Low
9114-DPSIA,0,0,0.018445607956528495,Low
3200-MNQTF,0,0,0.018375947255548485,Low
8532-UEFWH,0,0,0.01824058347754492,Low
5666-MBJPT,0,0,0.01791723817527693,Low
4302-ZYFEL,0,0,0.017807514453522688,Low
4018-PPNDW,0,0,0.017796619191452964,Low
1697-LYYYX,0,0,0.01775345136302068,Low
8701-DGLVH,0,0,0.017647621956553877,Low
3913-FCUUW,0,0,0.017575844001759797,Low
1085-LDWAM,0,0,0.01748773076001916,Low
3071-MVJCD,0,0,0.017482002404046546,Low
3884-UEBXB,0,0,0.017420794300710772,Low
3580-GICBM,0,0,0.017351146023143648,Low
0463-TXOAK,0,0,0.017048712780993798,Low
3795-GWTRD,0,0,0.017029708089915985,Low
1709-EJDOX,0,0,0.016723102744318697,Low
3400-ESFUW,1,0,0.016677535891563663,Low
3088-FVYWK,0,0,0.016596052542777313,Low
9372-TXXPS,0,0,0.016397305006956468,Low
3429-IFLEM,0,0,0.01636252149280751,Low
8028-PNXHQ,0,0,0.01611251761697445,Low
4742-TXUEX,0,0,0.015857900905439745,Low
3511-BFTJW,0,0,0.01584997061844239,Low
2230-XTUWL,0,0,0.01584699799153649,Low
9814-AOUDH,0,0,0.015744802649413844,Low
4785-FCIFB,0,0,0.015442601311422223,Low
5334-AFQJB,0,0,0.015323347556895926,Low
6349-JDHQP,0,0,0.015074709492510701,Low
1862-QRWPE,0,0,0.015045826588790478,Low
6134-KWTBV,0,0,0.014650617192457296,Low
6370-ZVHDV,0,0,0.014638476686312827,Low
1705-GUHPV,0,0,0.014519043195421626,Low
8207-VVMYB,0,0,0.014459070528702279,Low
3970-XGJDU,0,0,0.014333501119525232,Low
2632-TACXW,0,0,0.014280663080521807,Low
1574-DYCWE,0,0,0.014049268098421648,Low
6340-DACFT,0,0,0.013826338198403574,Low
3967-VQOGC,0,0,0.01352170247221823,Low
3454-JFUBC,0,0,0.013486285729682223,Low
6625-FLENO,0,0,0.01326854311307892,Low
6917-FIJHC,0,0,0.013262429785579363,Low
3646-ITDGM,0,0,0.013159242286066238,Low
1926-QUZNN,0,0,0.013024896451435949,Low
3027-YNWZU,0,0,0.012967117696058917,Low
1767-CJKBA,0,0,0.012914530781357066,Low
7167-PCEYD,0,0,0.01264738764258579,Low
8590-YFFQO,0,0,0.012633718796651061,Low
3836-FZSDJ,0,0,0.012077007477393055,Low
0040-HALCW,0,0,0.011974794485845671,Low
2075-PUEPR,0,0,0.011938047525726326,Low
3563-SVYLG,0,0,0.011502933611555594,Low
9286-BHDQG,0,0,0.011442785731117861,Low
2525-GVKQU,0,0,0.011331064441367878,Low
8129-GMVGI,0,0,0.011253626238157127,Low
2696-RZVZW,0,0,0.011217254722380419,Low
9135-HSWOC,0,0,0.011114786378443823,Low
8735-SDUFN,0,0,0.011059692661354306,Low
7114-AEOZE,0,0,0.01105730629168209,Low
7729-XBTWX,0,0,0.010844760554558101,Low
9430-NKQLY,0,0,0.010692851181841892,Low
1820-DJFPH,0,0,0.01048280564262863,Low
8711-LOBKY,0,0,0.010391635004426204,Low
2616-FLVQC,0,0,0.01035953847257927,Low
4312-KFRXN,0,0,0.009884355895509189,Low
7606-BPHHN,0,0,0.009833877165903086,Low
2169-RRLFW,0,0,0.009807245584520391,Low
2346-LOCWC,0,0,0.00980156523813237,Low
7717-BICXI,0,0,0.00974292081136422,Low
8347-GDTMP,0,0,0.00967771960544414,Low
6848-HJTXY,0,0,0.009642927434767795,Low
8619-IJNDK,0,0,0.009508247659851518,Low
7157-SMCFK,0,0,0.009208218159264786,Low
7515-LODFU,0,0,0.00908051842325109,Low
1945-XISKS,0,0,0.00902661642550841,Low
1830-IPXVJ,0,0,0.00894901484497137,Low
0397-ZXWQF,0,0,0.008623365914331577,Low
6345-FZOQH,0,0,0.00848417862265949,Low
2236-HILPA,0,0,0.008418182372286644,Low
0962-CQPWQ,0,0,0.00835312418190483,Low
9365-CSLBQ,0,0,0.00827828139007027,Low
0174-QRVVY,0,0,0.00807058912490345,Low
1555-HAPSU,0,0,0.007855104851248108,Low
7602-DBTOU,0,0,0.007634868372902669,Low
0480-KYJVA,0,0,0.00760953142324911,Low
8224-KDLKN,0,0,0.00759354045907875,Low
8165-ZJRNM,0,0,0.007541243122607067,Low
0402-OAMEN,0,0,0.007426895197442907,Low
4821-WQOYN,0,0,0.007420753373312048,Low
3910-MRQOY,0,0,0.007057594858108453,Low
1927-QEWMY,0,0,0.006845126416287329,Low
9537-JALFH,0,0,0.006388510199772008,Low
2984-RGEYA,0,0,0.00623517904244822,Low
1403-GYAFU,0,0,0.006086899045837092,Low
4086-WITJG,0,0,0.005799400232392139,Low
3642-BYHDO,0,0,0.005670134048652714,Low
1166-PQLGG,0,0,0.005557090017518366,Low
0794-YVSGE,0,0,0.005537759385194234,Low
4277-BWBML,0,0,0.005505797820921987,Low
