customerID,gender,SeniorCitizen,Partner,Dependents,tenure,PhoneService,MultipleLines,InternetService,OnlineSecurity,OnlineBackup,DeviceProtection,TechSupport,StreamingTV,StreamingMovies,Contract,PaperlessBilling,PaymentMethod,MonthlyCharges,TotalCharges,Churn,TenureSegment,ChargeSegment,CustomerSegment,SegmentCustomerCount,SegmentChurnRate,RiskLevel,HighValueCustomer,SegmentChurnRatePercentage
3292-PBZEJ,Male,1,No,No,11,Yes,Yes,Fiber optic,No,Yes,Yes,Yes,Yes,Yes,Month-to-month,Yes,Electronic check,111.4,1183.05,0,0-12 Months,High,0-12 Months | High | Month-to-month,214,0.7710280373831776,High Risk,True,77.1
5760-IFJOZ,Male,0,No,No,3,Yes,Yes,Fiber optic,No,Yes,Yes,No,Yes,Yes,Month-to-month,No,Mailed check,107.95,313.6,0,0-12 Months,High,0-12 Months | High | Month-to-month,214,0.7710280373831776,High Risk,True,77.1
2081-VEYEH,Male,0,No,No,3,Yes,No,Fiber optic,No,Yes,Yes,Yes,Yes,Yes,Month-to-month,Yes,Electronic check,107.95,318.6,0,0-12 Months,High,0-12 Months | High | Month-to-month,214,0.7710280373831776,High Risk,True,77.1
6734-GMPVK,Male,0,No,No,5,Yes,Yes,Fiber optic,No,Yes,Yes,No,Yes,Yes,Month-to-month,No,Electronic check,105.3,550.6,0,0-12 Months,High,0-12 Months | High | Month-to-month,214,0.7710280373831776,High Risk,True,77.1
7145-FEJWU,Female,0,No,Yes,12,Yes,Yes,Fiber optic,No,Yes,Yes,No,Yes,Yes,Month-to-month,Yes,Electronic check,105.3,1275.65,0,0-12 Months,High,0-12 Months | High | Month-to-month,214,0.7710280373831776,High Risk,True,77.1
2018-PZKMU,Male,0,Yes,Yes,9,Yes,No,Fiber optic,No,No,Yes,Yes,Yes,Yes,Month-to-month,No,Electronic check,103.1,970.45,0,0-12 Months,High,0-12 Months | High | Month-to-month,214,0.7710280373831776,High Risk,True,77.1
9547-ITEFG,Male,0,Yes,Yes,9,Yes,Yes,Fiber optic,No,Yes,Yes,No,Yes,Yes,Month-to-month,Yes,Credit card (automatic),102.6,897.75,0,0-12 Months,High,0-12 Months | High | Month-to-month,214,0.7710280373831776,High Risk,True,77.1
8118-TJAFG,Male,0,Yes,Yes,9,Yes,No,Fiber optic,No,Yes,No,Yes,Yes,Yes,Month-to-month,Yes,Electronic check,101.5,906.85,0,0-12 Months,High,0-12 Months | High | Month-to-month,214,0.7710280373831776,High Risk,True,77.1
4132-KALRO,Female,0,No,No,4,Yes,Yes,Fiber optic,No,No,No,Yes,Yes,Yes,Month-to-month,Yes,Mailed check,100.85,399.25,0,0-12 Months,High,0-12 Months | High | Month-to-month,214,0.7710280373831776,High Risk,True,77.1
0722-SVSFK,Female,0,No,No,7,Yes,No,Fiber optic,No,No,Yes,Yes,Yes,Yes,Month-to-month,Yes,Electronic check,100.4,715.0,0,0-12 Months,High,0-12 Months | High | Month-to-month,214,0.7710280373831776,High Risk,True,77.1
7379-FNIUJ,Male,0,No,No,2,Yes,No,Fiber optic,Yes,Yes,No,No,Yes,Yes,Month-to-month,No,Electronic check,100.2,198.5,0,0-12 Months,High,0-12 Months | High | Month-to-month,214,0.7710280373831776,High Risk,True,77.1
2754-SDJRD,Female,1,No,No,8,Yes,Yes,Fiber optic,No,No,No,Yes,Yes,Yes,Month-to-month,Yes,Credit card (automatic),100.15,908.55,0,0-12 Months,High,0-12 Months | High | Month-to-month,214,0.7710280373831776,High Risk,True,77.1
4445-ZJNMU,Male,0,No,No,9,Yes,Yes,Fiber optic,No,Yes,No,No,Yes,Yes,Month-to-month,Yes,Credit card (automatic),99.3,918.75,0,0-12 Months,High,0-12 Months | High | Month-to-month,214,0.7710280373831776,High Risk,True,77.1
6645-MXQJT,Male,0,Yes,Yes,2,Yes,No,Fiber optic,Yes,No,No,No,Yes,Yes,Month-to-month,No,Electronic check,97.1,184.15,0,0-12 Months,High,0-12 Months | High | Month-to-month,214,0.7710280373831776,High Risk,True,77.1
4566-NECEV,Male,0,No,No,5,Yes,Yes,Fiber optic,No,Yes,Yes,No,No,Yes,Month-to-month,No,Electronic check,96.55,500.1,0,0-12 Months,High,0-12 Months | High | Month-to-month,214,0.7710280373831776,High Risk,True,77.1
4060-LDNLU,Male,0,No,No,7,Yes,Yes,Fiber optic,No,No,No,No,Yes,Yes,Month-to-month,No,Electronic check,96.2,639.7,0,0-12 Months,High,0-12 Months | High | Month-to-month,214,0.7710280373831776,High Risk,True,77.1
7426-RHZGU,Male,0,No,No,9,Yes,No,Fiber optic,No,No,No,Yes,Yes,Yes,Month-to-month,Yes,Bank transfer (automatic),95.9,827.45,0,0-12 Months,High,0-12 Months | High | Month-to-month,214,0.7710280373831776,High Risk,True,77.1
1393-IMKZG,Female,0,No,No,1,Yes,No,Fiber optic,No,No,No,Yes,Yes,Yes,Month-to-month,Yes,Electronic check,95.85,95.85,0,0-12 Months,High,0-12 Months | High | Month-to-month,214,0.7710280373831776,High Risk,True,77.1
4929-XIHVW,Male,1,Yes,No,2,Yes,No,Fiber optic,No,No,Yes,No,Yes,Yes,Month-to-month,Yes,Credit card (automatic),95.5,181.65,0,0-12 Months,High,0-12 Months | High | Month-to-month,214,0.7710280373831776,High Risk,True,77.1
2984-AFWNC,Female,0,No,No,3,Yes,No,Fiber optic,No,Yes,No,No,Yes,Yes,Month-to-month,No,Electronic check,95.4,293.15,0,0-12 Months,High,0-12 Months | High | Month-to-month,214,0.7710280373831776,High Risk,True,77.1
1960-UYCNN,Male,0,No,No,10,Yes,Yes,Fiber optic,No,Yes,Yes,No,No,Yes,Month-to-month,Yes,Electronic check,95.25,1021.55,0,0-12 Months,High,0-12 Months | High | Month-to-month,214,0.7710280373831776,High Risk,True,77.1
5183-SNMJQ,Male,0,No,No,10,Yes,No,Fiber optic,No,No,No,Yes,Yes,Yes,Month-to-month,Yes,Credit card (automatic),95.1,865.1,0,0-12 Months,High,0-12 Months | High | Month-to-month,214,0.7710280373831776,High Risk,True,77.1
7398-SKNQZ,Female,0,Yes,No,3,Yes,Yes,Fiber optic,No,No,No,No,Yes,Yes,Month-to-month,No,Electronic check,94.9,273.2,0,0-12 Months,High,0-12 Months | High | Month-to-month,214,0.7710280373831776,High Risk,True,77.1
9714-EDSUC,Male,0,No,No,4,Yes,No,Fiber optic,Yes,Yes,No,Yes,No,Yes,Month-to-month,Yes,Mailed check,94.9,360.55,0,0-12 Months,High,0-12 Months | High | Month-to-month,214,0.7710280373831776,High Risk,True,77.1
5150-ITWWB,Male,1,No,No,3,Yes,Yes,Fiber optic,No,No,No,No,Yes,Yes,Month-to-month,Yes,Electronic check,94.85,335.75,0,0-12 Months,High,0-12 Months | High | Month-to-month,214,0.7710280373831776,High Risk,True,77.1
5168-MSWXT,Male,0,Yes,Yes,8,Yes,No,Fiber optic,No,No,Yes,No,Yes,Yes,Month-to-month,Yes,Electronic check,94.75,759.55,0,0-12 Months,High,0-12 Months | High | Month-to-month,214,0.7710280373831776,High Risk,True,77.1
6350-XFYGW,Male,1,No,No,4,Yes,No,Fiber optic,No,No,Yes,No,Yes,Yes,Month-to-month,Yes,Electronic check,94.75,422.4,0,0-12 Months,High,0-12 Months | High | Month-to-month,214,0.7710280373831776,High Risk,True,77.1
3338-CVVEH,Male,0,No,No,12,Yes,Yes,Fiber optic,No,No,No,No,Yes,Yes,Month-to-month,No,Electronic check,94.55,1173.55,0,0-12 Months,High,0-12 Months | High | Month-to-month,214,0.7710280373831776,High Risk,True,77.1
9093-FPDLG,Female,0,No,No,11,Yes,No,Fiber optic,No,Yes,Yes,Yes,No,Yes,Month-to-month,Yes,Electronic check,94.2,999.9,0,0-12 Months,High,0-12 Months | High | Month-to-month,214,0.7710280373831776,High Risk,True,77.1
8161-QYMTT,Male,0,No,No,7,Yes,Yes,Fiber optic,No,No,No,No,Yes,Yes,Month-to-month,Yes,Electronic check,94.1,701.3,0,0-12 Months,High,0-12 Months | High | Month-to-month,214,0.7710280373831776,High Risk,True,77.1
8087-LGYHQ,Male,0,No,No,9,Yes,No,Fiber optic,No,No,Yes,No,Yes,Yes,Month-to-month,Yes,Electronic check,94.05,811.65,0,0-12 Months,High,0-12 Months | High | Month-to-month,214,0.7710280373831776,High Risk,True,77.1
6137-NICCO,Female,0,Yes,Yes,6,Yes,Yes,Fiber optic,No,Yes,Yes,No,Yes,No,Month-to-month,Yes,Mailed check,94.05,518.75,0,0-12 Months,High,0-12 Months | High | Month-to-month,214,0.7710280373831776,High Risk,True,77.1
5141-ZUVBH,Female,0,No,Yes,9,Yes,No,Fiber optic,Yes,No,Yes,Yes,No,Yes,Month-to-month,No,Bank transfer (automatic),93.0,870.25,0,0-12 Months,High,0-12 Months | High | Month-to-month,214,0.7710280373831776,High Risk,True,77.1
3318-NMQXL,Male,0,No,No,3,Yes,No,Fiber optic,No,No,No,No,Yes,Yes,Month-to-month,Yes,Electronic check,92.0,266.8,0,0-12 Months,High,0-12 Months | High | Month-to-month,214,0.7710280373831776,High Risk,True,77.1
4927-WWOOZ,Male,0,Yes,No,2,Yes,Yes,Fiber optic,No,No,Yes,No,Yes,No,Month-to-month,Yes,Electronic check,91.45,171.45,0,0-12 Months,High,0-12 Months | High | Month-to-month,214,0.7710280373831776,High Risk,True,77.1
5091-HFAZW,Female,0,No,No,2,Yes,No,Fiber optic,Yes,Yes,No,No,Yes,No,Month-to-month,Yes,Electronic check,91.15,168.5,0,0-12 Months,High,0-12 Months | High | Month-to-month,214,0.7710280373831776,High Risk,True,77.1
6818-DJXAA,Female,0,No,Yes,10,Yes,No,Fiber optic,No,No,Yes,Yes,Yes,No,Month-to-month,Yes,Electronic check,91.1,964.35,0,0-12 Months,High,0-12 Months | High | Month-to-month,214,0.7710280373831776,High Risk,True,77.1
4137-BTIKL,Male,0,No,No,2,Yes,Yes,Fiber optic,Yes,No,No,No,No,Yes,Month-to-month,No,Mailed check,90.75,174.75,0,0-12 Months,High,0-12 Months | High | Month-to-month,214,0.7710280373831776,High Risk,True,77.1
8622-ZLFKO,Female,0,Yes,No,6,Yes,Yes,Fiber optic,No,Yes,No,No,No,Yes,Month-to-month,Yes,Electronic check,90.75,512.25,0,0-12 Months,High,0-12 Months | High | Month-to-month,214,0.7710280373831776,High Risk,True,77.1
0432-CAJZV,Male,0,No,No,3,Yes,No,Fiber optic,No,No,No,No,Yes,Yes,Month-to-month,No,Mailed check,90.7,237.65,0,0-12 Months,High,0-12 Months | High | Month-to-month,214,0.7710280373831776,High Risk,True,77.1
5339-PXDVH,Male,0,No,No,4,Yes,Yes,Fiber optic,Yes,No,No,No,Yes,No,Month-to-month,No,Electronic check,90.65,367.95,0,0-12 Months,High,0-12 Months | High | Month-to-month,214,0.7710280373831776,High Risk,True,77.1
7928-VJYAB,Male,0,Yes,Yes,11,Yes,No,Fiber optic,No,No,No,No,Yes,Yes,Month-to-month,No,Electronic check,90.6,1020.2,0,0-12 Months,High,0-12 Months | High | Month-to-month,214,0.7710280373831776,High Risk,True,77.1
8266-VBFQL,Male,0,No,No,4,Yes,No,Fiber optic,No,No,Yes,Yes,No,Yes,Month-to-month,Yes,Electronic check,90.4,356.65,0,0-12 Months,High,0-12 Months | High | Month-to-month,214,0.7710280373831776,High Risk,True,77.1
0258-NOKBL,Male,0,No,No,3,Yes,No,Fiber optic,No,Yes,Yes,No,No,Yes,Month-to-month,No,Electronic check,90.4,268.45,0,0-12 Months,High,0-12 Months | High | Month-to-month,214,0.7710280373831776,High Risk,True,77.1
0139-IVFJG,Female,0,Yes,No,2,Yes,No,Fiber optic,Yes,Yes,No,No,Yes,No,Month-to-month,No,Electronic check,90.35,190.5,0,0-12 Months,High,0-12 Months | High | Month-to-month,214,0.7710280373831776,High Risk,True,77.1
8212-DJRCH,Male,0,Yes,Yes,5,Yes,No,Fiber optic,Yes,No,Yes,No,No,Yes,Month-to-month,Yes,Mailed check,90.35,434.5,0,0-12 Months,High,0-12 Months | High | Month-to-month,214,0.7710280373831776,High Risk,True,77.1
4813-HQMGZ,Female,0,Yes,No,8,Yes,Yes,Fiber optic,No,No,No,Yes,No,Yes,Month-to-month,Yes,Electronic check,90.25,743.75,0,0-12 Months,High,0-12 Months | High | Month-to-month,214,0.7710280373831776,High Risk,True,77.1
1941-HOSAM,Male,0,Yes,Yes,1,Yes,No,Fiber optic,No,No,No,No,Yes,Yes,Month-to-month,Yes,Electronic check,90.1,90.1,0,0-12 Months,High,0-12 Months | High | Month-to-month,214,0.7710280373831776,High Risk,True,77.1
6969-MVBAI,Female,1,No,No,9,Yes,Yes,Fiber optic,No,No,Yes,No,Yes,No,Month-to-month,Yes,Electronic check,90.1,816.8,0,0-12 Months,High,0-12 Months | High | Month-to-month,214,0.7710280373831776,High Risk,True,77.1
3071-VBYPO,Male,0,Yes,Yes,3,Yes,No,Fiber optic,Yes,Yes,No,No,Yes,No,Month-to-month,No,Electronic check,89.85,248.4,0,0-12 Months,Medium-High,0-12 Months | Medium-High | Month-to-month,598,0.6739130434782609,High Risk,True,67.39
7952-OBOYL,Male,0,No,No,3,Yes,No,Fiber optic,No,No,Yes,Yes,Yes,No,Month-to-month,Yes,Mailed check,89.85,244.45,0,0-12 Months,Medium-High,0-12 Months | Medium-High | Month-to-month,598,0.6739130434782609,High Risk,True,67.39
0771-WLCLA,Female,0,Yes,Yes,16,Yes,Yes,Fiber optic,Yes,No,Yes,Yes,Yes,Yes,Month-to-month,Yes,Electronic check,112.95,1882.55,0,13-24 Months,High,13-24 Months | High | Month-to-month,180,0.5611111111111111,High Risk,True,56.11
4329-YPDDQ,Male,0,No,No,20,Yes,No,Fiber optic,Yes,Yes,Yes,Yes,Yes,Yes,Month-to-month,Yes,Bank transfer (automatic),108.2,2203.7,0,13-24 Months,High,13-24 Months | High | Month-to-month,180,0.5611111111111111,High Risk,True,56.11
4716-HHKQH,Male,1,Yes,No,20,Yes,Yes,Fiber optic,No,Yes,No,Yes,Yes,Yes,Month-to-month,No,Electronic check,107.05,2172.05,0,13-24 Months,High,13-24 Months | High | Month-to-month,180,0.5611111111111111,High Risk,True,56.11
6591-QGOYB,Male,0,No,No,17,Yes,Yes,Fiber optic,Yes,Yes,Yes,Yes,Yes,No,Month-to-month,Yes,Bank transfer (automatic),106.65,1672.1,0,13-24 Months,High,13-24 Months | High | Month-to-month,180,0.5611111111111111,High Risk,True,56.11
5947-SGKCL,Female,0,Yes,Yes,15,Yes,Yes,Fiber optic,No,Yes,Yes,No,Yes,Yes,Month-to-month,Yes,Bank transfer (automatic),105.35,1559.25,0,13-24 Months,High,13-24 Months | High | Month-to-month,180,0.5611111111111111,High Risk,True,56.11
3197-ARFOY,Female,1,No,No,19,Yes,No,Fiber optic,Yes,Yes,No,Yes,Yes,Yes,Month-to-month,Yes,Mailed check,105.0,2007.25,0,13-24 Months,High,13-24 Months | High | Month-to-month,180,0.5611111111111111,High Risk,True,56.11
9927-DSWDF,Male,0,Yes,No,22,Yes,No,Fiber optic,Yes,Yes,No,Yes,Yes,Yes,Month-to-month,Yes,Electronic check,104.6,2180.55,0,13-24 Months,High,13-24 Months | High | Month-to-month,180,0.5611111111111111,High Risk,True,56.11
5995-SNNEW,Male,1,Yes,No,23,Yes,Yes,Fiber optic,No,Yes,Yes,No,Yes,Yes,Month-to-month,Yes,Electronic check,104.45,2184.85,0,13-24 Months,High,13-24 Months | High | Month-to-month,180,0.5611111111111111,High Risk,True,56.11
5956-YHHRX,Male,1,No,No,21,Yes,Yes,Fiber optic,No,Yes,Yes,No,Yes,Yes,Month-to-month,Yes,Electronic check,104.35,2271.85,0,13-24 Months,High,13-24 Months | High | Month-to-month,180,0.5611111111111111,High Risk,True,56.11
8313-NDOIA,Female,0,No,No,24,Yes,Yes,Fiber optic,No,Yes,Yes,No,Yes,Yes,Month-to-month,Yes,Electronic check,104.15,2494.65,0,13-24 Months,High,13-24 Months | High | Month-to-month,180,0.5611111111111111,High Risk,True,56.11
7181-OQCUT,Male,0,No,No,21,Yes,Yes,Fiber optic,Yes,No,Yes,No,Yes,Yes,Month-to-month,No,Mailed check,103.85,2215.0,0,13-24 Months,High,13-24 Months | High | Month-to-month,180,0.5611111111111111,High Risk,True,56.11
9129-UXERG,Female,1,No,No,18,Yes,Yes,Fiber optic,No,Yes,No,Yes,Yes,Yes,Month-to-month,Yes,Credit card (automatic),103.6,1806.35,0,13-24 Months,High,13-24 Months | High | Month-to-month,180,0.5611111111111111,High Risk,True,56.11
4298-OYIFC,Male,0,Yes,No,15,Yes,Yes,Fiber optic,No,No,Yes,Yes,Yes,Yes,Month-to-month,Yes,Electronic check,103.45,1539.8,0,13-24 Months,High,13-24 Months | High | Month-to-month,180,0.5611111111111111,High Risk,True,56.11
0365-BZUWY,Male,0,Yes,No,17,Yes,Yes,Fiber optic,No,Yes,Yes,No,Yes,Yes,Month-to-month,Yes,Electronic check,102.55,1742.5,0,13-24 Months,High,13-24 Months | High | Month-to-month,180,0.5611111111111111,High Risk,True,56.11
3629-ZNKXA,Male,1,No,No,17,Yes,No,Fiber optic,No,Yes,Yes,No,Yes,Yes,Month-to-month,Yes,Electronic check,101.8,1752.45,0,13-24 Months,High,13-24 Months | High | Month-to-month,180,0.5611111111111111,High Risk,True,56.11
8903-WMRNW,Female,0,Yes,No,15,Yes,No,Fiber optic,Yes,No,Yes,No,Yes,Yes,Month-to-month,No,Electronic check,101.75,1669.4,0,13-24 Months,High,13-24 Months | High | Month-to-month,180,0.5611111111111111,High Risk,True,56.11
6693-FRIRW,Male,0,No,No,18,Yes,No,Fiber optic,No,Yes,Yes,No,Yes,Yes,Month-to-month,No,Credit card (automatic),101.3,1794.65,0,13-24 Months,High,13-24 Months | High | Month-to-month,180,0.5611111111111111,High Risk,True,56.11
7315-WYOAW,Male,0,No,No,13,Yes,Yes,Fiber optic,No,No,No,Yes,Yes,Yes,Month-to-month,No,Electronic check,100.75,1313.25,0,13-24 Months,High,13-24 Months | High | Month-to-month,180,0.5611111111111111,High Risk,True,56.11
0265-PSUAE,Female,0,Yes,Yes,16,Yes,No,Fiber optic,Yes,No,Yes,No,Yes,Yes,Month-to-month,No,Bank transfer (automatic),100.7,1522.7,0,13-24 Months,High,13-24 Months | High | Month-to-month,180,0.5611111111111111,High Risk,True,56.11
7392-YYPYJ,Male,0,No,No,22,Yes,Yes,Fiber optic,No,Yes,No,No,Yes,Yes,Month-to-month,Yes,Electronic check,100.65,2415.95,0,13-24 Months,High,13-24 Months | High | Month-to-month,180,0.5611111111111111,High Risk,True,56.11
9094-AZPHK,Female,0,No,No,15,Yes,Yes,Fiber optic,No,Yes,No,No,Yes,Yes,Month-to-month,Yes,Electronic check,100.15,1415.0,0,13-24 Months,High,13-24 Months | High | Month-to-month,180,0.5611111111111111,High Risk,True,56.11
4686-UXDML,Female,0,No,No,21,Yes,Yes,Fiber optic,No,Yes,No,No,Yes,Yes,Month-to-month,Yes,Credit card (automatic),99.85,1992.55,0,13-24 Months,High,13-24 Months | High | Month-to-month,180,0.5611111111111111,High Risk,True,56.11
6215-NQCPY,Male,0,No,No,15,Yes,Yes,Fiber optic,Yes,No,No,No,Yes,Yes,Month-to-month,Yes,Electronic check,99.7,1566.75,0,13-24 Months,High,13-24 Months | High | Month-to-month,180,0.5611111111111111,High Risk,True,56.11
0447-RXSGD,Male,0,No,No,24,Yes,Yes,Fiber optic,No,Yes,No,No,Yes,Yes,Month-to-month,Yes,Bank transfer (automatic),99.65,2404.85,0,13-24 Months,High,13-24 Months | High | Month-to-month,180,0.5611111111111111,High Risk,True,56.11
2227-JRSJX,Female,0,No,No,21,Yes,No,Fiber optic,No,Yes,No,Yes,Yes,Yes,Month-to-month,Yes,Bank transfer (automatic),99.15,1956.4,0,13-24 Months,High,13-24 Months | High | Month-to-month,180,0.5611111111111111,High Risk,True,56.11
9133-AYJZG,Female,0,No,No,23,Yes,Yes,Fiber optic,No,Yes,No,No,Yes,Yes,Month-to-month,Yes,Credit card (automatic),98.7,2249.1,0,13-24 Months,High,13-24 Months | High | Month-to-month,180,0.5611111111111111,High Risk,True,56.11
3211-AAPKX,Male,0,No,No,20,Yes,Yes,Fiber optic,No,No,No,Yes,Yes,Yes,Month-to-month,Yes,Mailed check,98.55,2031.95,0,13-24 Months,High,13-24 Months | High | Month-to-month,180,0.5611111111111111,High Risk,True,56.11
3644-QXEHN,Male,0,Yes,Yes,13,Yes,No,Fiber optic,No,No,Yes,No,Yes,Yes,Month-to-month,No,Electronic check,97.0,1334.45,0,13-24 Months,High,13-24 Months | High | Month-to-month,180,0.5611111111111111,High Risk,True,56.11
3323-CPBWR,Male,0,No,No,23,Yes,Yes,Fiber optic,No,No,Yes,Yes,Yes,No,Month-to-month,Yes,Credit card (automatic),96.9,2085.45,0,13-24 Months,High,13-24 Months | High | Month-to-month,180,0.5611111111111111,High Risk,True,56.11
9290-SHCMB,Female,1,No,No,13,Yes,No,Fiber optic,No,No,Yes,No,Yes,Yes,Month-to-month,Yes,Electronic check,96.85,1235.55,0,13-24 Months,High,13-24 Months | High | Month-to-month,180,0.5611111111111111,High Risk,True,56.11
0480-BIXDE,Female,0,Yes,No,19,Yes,No,Fiber optic,No,No,Yes,No,Yes,Yes,Month-to-month,Yes,Electronic check,96.8,1743.05,0,13-24 Months,High,13-24 Months | High | Month-to-month,180,0.5611111111111111,High Risk,True,56.11
9909-IDLEK,Male,0,Yes,Yes,20,Yes,Yes,Fiber optic,No,Yes,No,Yes,Yes,No,Month-to-month,No,Mailed check,96.8,1826.7,0,13-24 Months,High,13-24 Months | High | Month-to-month,180,0.5611111111111111,High Risk,True,56.11
2604-IJPDU,Female,0,Yes,No,20,Yes,No,Fiber optic,Yes,Yes,No,Yes,Yes,No,Month-to-month,Yes,Electronic check,96.55,1901.65,0,13-24 Months,High,13-24 Months | High | Month-to-month,180,0.5611111111111111,High Risk,True,56.11
5937-EORGB,Male,1,Yes,No,15,Yes,Yes,Fiber optic,Yes,No,Yes,No,Yes,No,Month-to-month,Yes,Electronic check,96.5,1392.25,0,13-24 Months,High,13-24 Months | High | Month-to-month,180,0.5611111111111111,High Risk,True,56.11
4647-MUZON,Female,0,Yes,No,18,Yes,No,Fiber optic,No,No,Yes,No,Yes,Yes,Month-to-month,Yes,Credit card (automatic),95.95,1745.5,0,13-24 Months,High,13-24 Months | High | Month-to-month,180,0.5611111111111111,High Risk,True,56.11
6234-PFPXL,Male,0,Yes,No,22,Yes,Yes,Fiber optic,Yes,No,No,Yes,Yes,No,Month-to-month,No,Credit card (automatic),95.9,2234.95,0,13-24 Months,High,13-24 Months | High | Month-to-month,180,0.5611111111111111,High Risk,True,56.11
0916-QOFDP,Female,1,Yes,Yes,14,Yes,Yes,Fiber optic,No,No,No,No,Yes,Yes,Month-to-month,Yes,Electronic check,95.8,1346.3,0,13-24 Months,High,13-24 Months | High | Month-to-month,180,0.5611111111111111,High Risk,True,56.11
2507-QZPQS,Male,0,No,No,15,Yes,Yes,Fiber optic,No,Yes,No,Yes,No,Yes,Month-to-month,No,Electronic check,95.7,1451.1,0,13-24 Months,High,13-24 Months | High | Month-to-month,180,0.5611111111111111,High Risk,True,56.11
3853-LYGAM,Male,0,No,No,17,Yes,Yes,Fiber optic,No,No,Yes,Yes,No,Yes,Month-to-month,Yes,Bank transfer (automatic),95.65,1640.0,0,13-24 Months,High,13-24 Months | High | Month-to-month,180,0.5611111111111111,High Risk,True,56.11
3320-VEOYC,Male,1,No,No,14,Yes,Yes,Fiber optic,No,No,No,No,Yes,Yes,Month-to-month,Yes,Electronic check,95.6,1273.3,0,13-24 Months,High,13-24 Months | High | Month-to-month,180,0.5611111111111111,High Risk,True,56.11
0564-MUUQK,Female,0,Yes,Yes,20,Yes,Yes,Fiber optic,No,No,Yes,Yes,No,Yes,Month-to-month,Yes,Bank transfer (automatic),95.5,1916.2,0,13-24 Months,High,13-24 Months | High | Month-to-month,180,0.5611111111111111,High Risk,True,56.11
9279-CJEOJ,Female,1,No,No,21,Yes,Yes,Fiber optic,No,No,No,No,Yes,Yes,Month-to-month,Yes,Bank transfer (automatic),95.4,2025.1,0,13-24 Months,High,13-24 Months | High | Month-to-month,180,0.5611111111111111,High Risk,True,56.11
9793-WECQC,Male,0,No,No,23,Yes,No,Fiber optic,No,Yes,No,No,Yes,Yes,Month-to-month,No,Mailed check,95.3,2192.9,0,13-24 Months,High,13-24 Months | High | Month-to-month,180,0.5611111111111111,High Risk,True,56.11
5382-SOYZL,Male,0,No,No,22,Yes,Yes,Fiber optic,No,No,No,No,Yes,Yes,Month-to-month,Yes,Electronic check,95.1,2162.6,0,13-24 Months,High,13-24 Months | High | Month-to-month,180,0.5611111111111111,High Risk,True,56.11
6242-MBHPK,Female,1,Yes,No,23,Yes,No,Fiber optic,Yes,No,No,No,Yes,Yes,Month-to-month,Yes,Electronic check,95.1,2326.05,0,13-24 Months,High,13-24 Months | High | Month-to-month,180,0.5611111111111111,High Risk,True,56.11
2823-LKABH,Female,0,No,No,18,Yes,Yes,Fiber optic,No,No,Yes,Yes,No,Yes,Month-to-month,Yes,Bank transfer (automatic),95.05,1679.4,0,13-24 Months,High,13-24 Months | High | Month-to-month,180,0.5611111111111111,High Risk,True,56.11
4391-LNRXK,Male,0,No,No,22,Yes,No,Fiber optic,No,Yes,Yes,Yes,No,Yes,Month-to-month,Yes,Bank transfer (automatic),94.95,2142.8,0,13-24 Months,High,13-24 Months | High | Month-to-month,180,0.5611111111111111,High Risk,True,56.11
3452-GWUIN,Female,1,Yes,No,19,Yes,Yes,Fiber optic,No,No,No,No,Yes,Yes,Month-to-month,Yes,Electronic check,94.95,1760.25,0,13-24 Months,High,13-24 Months | High | Month-to-month,180,0.5611111111111111,High Risk,True,56.11
7225-CBZPL,Male,1,Yes,No,17,Yes,Yes,Fiber optic,No,No,No,No,Yes,Yes,Month-to-month,Yes,Electronic check,94.8,1563.9,0,13-24 Months,High,13-24 Months | High | Month-to-month,180,0.5611111111111111,High Risk,True,56.11
3096-GKWEB,Male,0,Yes,No,18,Yes,Yes,Fiber optic,No,No,No,No,Yes,Yes,Month-to-month,Yes,Electronic check,94.75,1691.9,0,13-24 Months,High,13-24 Months | High | Month-to-month,180,0.5611111111111111,High Risk,True,56.11
0848-ZGQIJ,Female,0,Yes,No,16,Yes,No,Fiber optic,No,Yes,No,No,Yes,Yes,Month-to-month,Yes,Bank transfer (automatic),94.65,1461.15,0,13-24 Months,High,13-24 Months | High | Month-to-month,180,0.5611111111111111,High Risk,True,56.11
6583-KQJLK,Female,1,Yes,No,15,Yes,No,Fiber optic,No,Yes,No,No,Yes,Yes,Month-to-month,Yes,Electronic check,94.65,1285.05,0,13-24 Months,High,13-24 Months | High | Month-to-month,180,0.5611111111111111,High Risk,True,56.11
9058-MJLZC,Female,0,No,No,24,Yes,No,Fiber optic,Yes,No,No,No,Yes,Yes,Month-to-month,Yes,Electronic check,94.6,2283.15,0,13-24 Months,High,13-24 Months | High | Month-to-month,180,0.5611111111111111,High Risk,True,56.11
9919-KNPOO,Female,0,Yes,No,21,Yes,Yes,Fiber optic,No,No,No,No,Yes,Yes,Month-to-month,Yes,Electronic check,94.3,1948.35,0,13-24 Months,High,13-24 Months | High | Month-to-month,180,0.5611111111111111,High Risk,True,56.11
5935-FCCNB,Female,1,No,No,17,Yes,Yes,Fiber optic,No,No,No,No,Yes,Yes,Month-to-month,Yes,Electronic check,94.2,1608.15,0,13-24 Months,High,13-24 Months | High | Month-to-month,180,0.5611111111111111,High Risk,True,56.11
9360-OMDZZ,Male,0,No,No,24,Yes,Yes,Fiber optic,No,No,No,No,Yes,Yes,Month-to-month,Yes,Electronic check,94.1,2322.85,0,13-24 Months,High,13-24 Months | High | Month-to-month,180,0.5611111111111111,High Risk,True,56.11
6833-JMZYP,Female,0,No,No,15,Yes,No,Fiber optic,No,No,Yes,No,Yes,Yes,Month-to-month,Yes,Credit card (automatic),94.0,1505.45,0,13-24 Months,High,13-24 Months | High | Month-to-month,180,0.5611111111111111,High Risk,True,56.11
7268-IGMFD,Male,1,No,No,18,Yes,Yes,Fiber optic,No,No,Yes,Yes,Yes,No,Month-to-month,No,Bank transfer (automatic),93.9,1743.9,0,13-24 Months,High,13-24 Months | High | Month-to-month,180,0.5611111111111111,High Risk,True,56.11
7852-LECYP,Male,1,Yes,No,13,Yes,Yes,Fiber optic,Yes,Yes,No,No,No,Yes,Month-to-month,No,Credit card (automatic),93.8,1261.0,0,13-24 Months,High,13-24 Months | High | Month-to-month,180,0.5611111111111111,High Risk,True,56.11
2985-FMWYF,Female,0,No,No,23,Yes,Yes,Fiber optic,No,No,No,No,Yes,Yes,Month-to-month,Yes,Electronic check,93.5,2341.55,0,13-24 Months,High,13-24 Months | High | Month-to-month,180,0.5611111111111111,High Risk,True,56.11
5482-VXSXJ,Male,0,No,No,22,Yes,No,Fiber optic,No,Yes,No,No,Yes,Yes,Month-to-month,Yes,Mailed check,93.2,2157.3,0,13-24 Months,High,13-24 Months | High | Month-to-month,180,0.5611111111111111,High Risk,True,56.11
2371-JQHZZ,Male,0,Yes,No,24,Yes,Yes,Fiber optic,No,No,No,No,Yes,Yes,Month-to-month,Yes,Electronic check,93.0,2248.05,0,13-24 Months,High,13-24 Months | High | Month-to-month,180,0.5611111111111111,High Risk,True,56.11
6986-IXNDM,Male,0,No,No,14,Yes,No,Fiber optic,No,No,No,No,Yes,Yes,Month-to-month,Yes,Electronic check,92.9,1337.45,0,13-24 Months,High,13-24 Months | High | Month-to-month,180,0.5611111111111111,High Risk,True,56.11
2074-GUHPQ,Female,0,No,Yes,17,Yes,Yes,Fiber optic,No,Yes,Yes,Yes,No,No,Month-to-month,Yes,Credit card (automatic),92.7,1556.85,0,13-24 Months,High,13-24 Months | High | Month-to-month,180,0.5611111111111111,High Risk,True,56.11
6198-RTPMF,Female,0,Yes,No,17,Yes,Yes,Fiber optic,No,No,No,No,Yes,Yes,Month-to-month,No,Electronic check,92.6,1579.7,0,13-24 Months,High,13-24 Months | High | Month-to-month,180,0.5611111111111111,High Risk,True,56.11
7668-XCFYV,Female,1,Yes,No,17,Yes,Yes,Fiber optic,No,No,No,No,Yes,Yes,Month-to-month,Yes,Electronic check,92.55,1614.7,0,13-24 Months,High,13-24 Months | High | Month-to-month,180,0.5611111111111111,High Risk,True,56.11
4583-PARNH,Male,1,Yes,No,16,Yes,No,Fiber optic,No,No,Yes,Yes,No,Yes,Month-to-month,Yes,Electronic check,91.55,1540.05,0,13-24 Months,High,13-24 Months | High | Month-to-month,180,0.5611111111111111,High Risk,True,56.11
9402-ORRAH,Female,1,No,No,15,Yes,No,Fiber optic,No,No,No,No,Yes,Yes,Month-to-month,Yes,Electronic check,91.5,1400.3,0,13-24 Months,High,13-24 Months | High | Month-to-month,180,0.5611111111111111,High Risk,True,56.11
1379-FRVEB,Male,0,No,Yes,15,Yes,Yes,Fiber optic,No,Yes,No,No,Yes,No,Month-to-month,Yes,Electronic check,91.0,1430.05,0,13-24 Months,High,13-24 Months | High | Month-to-month,180,0.5611111111111111,High Risk,True,56.11
8563-OYMQY,Male,0,No,No,17,Yes,No,Fiber optic,No,Yes,Yes,No,No,Yes,Month-to-month,Yes,Credit card (automatic),90.95,1612.2,0,13-24 Months,High,13-24 Months | High | Month-to-month,180,0.5611111111111111,High Risk,True,56.11
0112-QAWRZ,Male,0,Yes,Yes,16,Yes,Yes,Fiber optic,No,No,Yes,No,Yes,No,Month-to-month,Yes,Bank transfer (automatic),90.8,1442.2,0,13-24 Months,High,13-24 Months | High | Month-to-month,180,0.5611111111111111,High Risk,True,56.11
3771-PZOBW,Male,0,No,No,20,Yes,Yes,Fiber optic,No,No,Yes,No,Yes,No,Month-to-month,Yes,Credit card (automatic),90.7,1781.35,0,13-24 Months,High,13-24 Months | High | Month-to-month,180,0.5611111111111111,High Risk,True,56.11
0577-WHMEV,Female,0,Yes,No,16,Yes,Yes,Fiber optic,Yes,Yes,Yes,No,No,No,Month-to-month,No,Electronic check,90.7,1374.9,0,13-24 Months,High,13-24 Months | High | Month-to-month,180,0.5611111111111111,High Risk,True,56.11
6507-ZJSUR,Male,1,Yes,No,23,Yes,No,Fiber optic,No,No,No,No,Yes,Yes,Month-to-month,Yes,Electronic check,90.45,2117.25,0,13-24 Months,High,13-24 Months | High | Month-to-month,180,0.5611111111111111,High Risk,True,56.11
9921-QFQUL,Female,0,Yes,No,23,Yes,Yes,Fiber optic,No,No,Yes,No,No,Yes,Month-to-month,No,Mailed check,90.15,2044.95,0,13-24 Months,High,13-24 Months | High | Month-to-month,180,0.5611111111111111,High Risk,True,56.11
4183-MYFRB,Female,0,No,No,21,Yes,No,Fiber optic,No,Yes,Yes,No,No,Yes,Month-to-month,Yes,Electronic check,90.05,1862.9,0,13-24 Months,High,13-24 Months | High | Month-to-month,180,0.5611111111111111,High Risk,True,56.11
2322-VCZHZ,Male,1,Yes,No,23,Yes,No,Fiber optic,Yes,Yes,No,No,No,Yes,Month-to-month,Yes,Electronic check,90.0,2024.1,0,13-24 Months,High,13-24 Months | High | Month-to-month,180,0.5611111111111111,High Risk,True,56.11
1302-UHBDD,Male,1,No,No,20,Yes,No,Fiber optic,No,No,No,No,Yes,Yes,Month-to-month,No,Electronic check,89.95,1648.45,0,13-24 Months,High,13-24 Months | High | Month-to-month,180,0.5611111111111111,High Risk,True,56.11
2139-FQHLM,Male,0,No,No,19,Yes,No,Fiber optic,No,No,Yes,Yes,Yes,No,Month-to-month,No,Mailed check,89.95,1682.4,0,13-24 Months,High,13-24 Months | High | Month-to-month,180,0.5611111111111111,High Risk,True,56.11
9659-QEQSY,Female,0,No,No,45,Yes,Yes,Fiber optic,Yes,Yes,Yes,Yes,Yes,Yes,Month-to-month,Yes,Electronic check,115.65,5125.5,0,25-48 Months,High,25-48 Months | High | Month-to-month,291,0.436426116838488,High Risk,True,43.64
2587-EKXTS,Male,0,No,No,44,Yes,Yes,Fiber optic,Yes,Yes,Yes,No,Yes,Yes,Month-to-month,Yes,Electronic check,111.5,4915.15,0,25-48 Months,High,25-48 Months | High | Month-to-month,291,0.436426116838488,High Risk,True,43.64
7130-YXBRO,Male,0,Yes,No,48,Yes,Yes,Fiber optic,Yes,Yes,Yes,No,Yes,Yes,Month-to-month,Yes,Bank transfer (automatic),111.45,5315.1,0,25-48 Months,High,25-48 Months | High | Month-to-month,291,0.436426116838488,High Risk,True,43.64
6030-REHUX,Female,1,Yes,No,28,Yes,Yes,Fiber optic,No,Yes,Yes,Yes,Yes,Yes,Month-to-month,Yes,Electronic check,110.85,3204.4,0,25-48 Months,High,25-48 Months | High | Month-to-month,291,0.436426116838488,High Risk,True,43.64
7576-JMYWV,Female,1,Yes,Yes,46,Yes,Yes,Fiber optic,Yes,Yes,No,Yes,Yes,Yes,Month-to-month,Yes,Electronic check,110.2,4972.1,0,25-48 Months,High,25-48 Months | High | Month-to-month,291,0.436426116838488,High Risk,True,43.64
2931-SVLTV,Male,0,Yes,Yes,40,Yes,Yes,Fiber optic,Yes,Yes,No,Yes,Yes,Yes,Month-to-month,Yes,Credit card (automatic),110.1,4469.1,0,25-48 Months,High,25-48 Months | High | Month-to-month,291,0.436426116838488,High Risk,True,43.64
3174-RKMOW,Male,0,Yes,Yes,35,Yes,Yes,Fiber optic,No,Yes,Yes,Yes,Yes,Yes,Month-to-month,Yes,Electronic check,109.95,3782.4,0,25-48 Months,High,25-48 Months | High | Month-to-month,291,0.436426116838488,High Risk,True,43.64
0177-PXBAT,Male,1,Yes,No,33,Yes,Yes,Fiber optic,Yes,No,Yes,Yes,Yes,Yes,Month-to-month,Yes,Bank transfer (automatic),109.9,3694.7,0,25-48 Months,High,25-48 Months | High | Month-to-month,291,0.436426116838488,High Risk,True,43.64
9971-ZWPBF,Male,1,Yes,Yes,34,Yes,Yes,Fiber optic,No,Yes,Yes,Yes,Yes,Yes,Month-to-month,Yes,Electronic check,108.9,3625.2,0,25-48 Months,High,25-48 Months | High | Month-to-month,291,0.436426116838488,High Risk,True,43.64
1216-BGTSP,Male,0,No,No,45,Yes,Yes,Fiber optic,Yes,No,Yes,Yes,Yes,Yes,Month-to-month,Yes,Credit card (automatic),108.45,4964.7,0,25-48 Months,High,25-48 Months | High | Month-to-month,291,0.436426116838488,High Risk,True,43.64
1833-TCXKK,Male,0,Yes,No,45,Yes,Yes,Fiber optic,No,Yes,Yes,No,Yes,Yes,Month-to-month,Yes,Bank transfer (automatic),107.75,4882.8,0,25-48 Months,High,25-48 Months | High | Month-to-month,291,0.436426116838488,High Risk,True,43.64
0114-PEGZZ,Female,0,No,No,33,Yes,Yes,Fiber optic,No,Yes,Yes,No,Yes,Yes,Month-to-month,No,Electronic check,107.55,3645.5,0,25-48 Months,High,25-48 Months | High | Month-to-month,291,0.436426116838488,High Risk,True,43.64
8800-ZKRFW,Female,0,Yes,Yes,30,Yes,Yes,Fiber optic,No,Yes,Yes,Yes,Yes,Yes,Month-to-month,Yes,Electronic check,107.5,3242.5,0,25-48 Months,High,25-48 Months | High | Month-to-month,291,0.436426116838488,High Risk,True,43.64
9137-UIYPG,Female,0,Yes,Yes,35,Yes,No,Fiber optic,Yes,No,Yes,Yes,Yes,Yes,Month-to-month,Yes,Electronic check,106.9,3756.45,0,25-48 Months,High,25-48 Months | High | Month-to-month,291,0.436426116838488,High Risk,True,43.64
9822-WMWVG,Female,0,No,No,41,Yes,Yes,Fiber optic,Yes,Yes,Yes,Yes,Yes,No,Month-to-month,Yes,Electronic check,106.5,4282.4,0,25-48 Months,High,25-48 Months | High | Month-to-month,291,0.436426116838488,High Risk,True,43.64
1552-AAGRX,Female,0,No,No,30,Yes,Yes,Fiber optic,Yes,No,No,Yes,Yes,Yes,Month-to-month,No,Bank transfer (automatic),106.4,3211.9,0,25-48 Months,High,25-48 Months | High | Month-to-month,291,0.436426116838488,High Risk,True,43.64
7048-GXDAY,Male,0,No,No,39,Yes,Yes,Fiber optic,Yes,Yes,No,No,Yes,Yes,Month-to-month,Yes,Electronic check,106.4,4040.65,0,25-48 Months,High,25-48 Months | High | Month-to-month,291,0.436426116838488,High Risk,True,43.64
5630-IXDXV,Female,0,No,No,47,Yes,Yes,Fiber optic,No,Yes,Yes,No,Yes,Yes,Month-to-month,Yes,Electronic check,106.35,4849.1,0,25-48 Months,High,25-48 Months | High | Month-to-month,291,0.436426116838488,High Risk,True,43.64
1104-TNLZA,Male,1,Yes,No,28,Yes,Yes,Fiber optic,No,Yes,No,Yes,Yes,Yes,Month-to-month,Yes,Electronic check,105.8,2998.0,0,25-48 Months,High,25-48 Months | High | Month-to-month,291,0.436426116838488,High Risk,True,43.64
1421-HCERK,Male,1,Yes,No,30,Yes,Yes,Fiber optic,Yes,Yes,Yes,Yes,Yes,No,Month-to-month,Yes,Bank transfer (automatic),105.7,3181.8,0,25-48 Months,High,25-48 Months | High | Month-to-month,291,0.436426116838488,High Risk,True,43.64
5129-JLPIS,Male,0,No,No,25,Yes,No,Fiber optic,Yes,No,Yes,Yes,Yes,Yes,Month-to-month,Yes,Electronic check,105.5,2686.05,0,25-48 Months,High,25-48 Months | High | Month-to-month,291,0.436426116838488,High Risk,True,43.64
8059-UDZFY,Female,1,No,Yes,33,Yes,Yes,Fiber optic,No,Yes,Yes,No,Yes,Yes,Month-to-month,Yes,Bank transfer (automatic),105.35,3465.05,0,25-48 Months,High,25-48 Months | High | Month-to-month,291,0.436426116838488,High Risk,True,43.64
2697-NQBPF,Male,0,No,No,34,Yes,Yes,Fiber optic,No,Yes,No,Yes,Yes,Yes,Month-to-month,Yes,Electronic check,105.35,3540.65,0,25-48 Months,High,25-48 Months | High | Month-to-month,291,0.436426116838488,High Risk,True,43.64
2133-TSRRM,Female,0,No,Yes,34,Yes,No,Fiber optic,Yes,Yes,Yes,No,Yes,Yes,Month-to-month,Yes,Bank transfer (automatic),105.35,3688.6,0,25-48 Months,High,25-48 Months | High | Month-to-month,291,0.436426116838488,High Risk,True,43.64
6891-JPYFF,Female,0,Yes,Yes,48,Yes,Yes,Fiber optic,Yes,Yes,No,No,Yes,Yes,Month-to-month,Yes,Credit card (automatic),105.25,4997.5,0,25-48 Months,High,25-48 Months | High | Month-to-month,291,0.436426116838488,High Risk,True,43.64
9408-HRXRK,Female,0,Yes,Yes,45,Yes,Yes,Fiber optic,Yes,Yes,No,No,Yes,Yes,Month-to-month,Yes,Electronic check,105.15,4730.9,0,25-48 Months,High,25-48 Months | High | Month-to-month,291,0.436426116838488,High Risk,True,43.64
2874-YXVVA,Female,0,No,No,34,Yes,No,Fiber optic,No,Yes,Yes,Yes,Yes,Yes,Month-to-month,Yes,Electronic check,105.1,3634.8,0,25-48 Months,High,25-48 Months | High | Month-to-month,291,0.436426116838488,High Risk,True,43.64
5118-MUEYH,Female,0,Yes,No,48,Yes,Yes,Fiber optic,No,Yes,No,Yes,Yes,Yes,Month-to-month,Yes,Credit card (automatic),105.1,5083.55,0,25-48 Months,High,25-48 Months | High | Month-to-month,291,0.436426116838488,High Risk,True,43.64
8552-OBVRU,Female,1,Yes,Yes,48,Yes,No,Fiber optic,Yes,No,Yes,Yes,Yes,Yes,Month-to-month,Yes,Electronic check,104.5,5068.05,0,25-48 Months,High,25-48 Months | High | Month-to-month,291,0.436426116838488,High Risk,True,43.64
8123-QBNAZ,Female,0,Yes,Yes,36,Yes,Yes,Fiber optic,Yes,No,Yes,No,Yes,Yes,Month-to-month,Yes,Credit card (automatic),104.5,3684.95,0,25-48 Months,High,25-48 Months | High | Month-to-month,291,0.436426116838488,High Risk,True,43.64
8818-DOPVL,Female,1,No,No,46,Yes,Yes,Fiber optic,No,Yes,Yes,No,Yes,Yes,Month-to-month,Yes,Electronic check,104.45,4863.85,0,25-48 Months,High,25-48 Months | High | Month-to-month,291,0.436426116838488,High Risk,True,43.64
2080-CAZNM,Female,1,No,No,41,Yes,Yes,Fiber optic,No,Yes,Yes,No,Yes,Yes,Month-to-month,Yes,Electronic check,104.4,4133.95,0,25-48 Months,High,25-48 Months | High | Month-to-month,291,0.436426116838488,High Risk,True,43.64
1550-EENBN,Female,0,No,No,31,Yes,Yes,Fiber optic,Yes,Yes,No,No,Yes,Yes,Month-to-month,No,Electronic check,104.35,3205.6,0,25-48 Months,High,25-48 Months | High | Month-to-month,291,0.436426116838488,High Risk,True,43.64
9168-INPSZ,Female,1,Yes,No,44,Yes,Yes,Fiber optic,No,No,Yes,Yes,Yes,Yes,Month-to-month,No,Electronic check,104.15,4495.65,0,25-48 Months,High,25-48 Months | High | Month-to-month,291,0.436426116838488,High Risk,True,43.64
2107-FBPTK,Female,1,No,No,30,Yes,Yes,Fiber optic,No,Yes,Yes,No,Yes,Yes,Month-to-month,Yes,Electronic check,104.1,3121.1,0,25-48 Months,High,25-48 Months | High | Month-to-month,291,0.436426116838488,High Risk,True,43.64
3384-CTMSF,Male,0,Yes,No,47,Yes,Yes,Fiber optic,No,Yes,Yes,No,Yes,Yes,Month-to-month,Yes,Electronic check,104.1,5135.15,0,25-48 Months,High,25-48 Months | High | Month-to-month,291,0.436426116838488,High Risk,True,43.64
3001-UNBTL,Male,1,Yes,Yes,29,Yes,Yes,Fiber optic,No,No,Yes,No,Yes,Yes,Month-to-month,Yes,Electronic check,103.95,2964.8,0,25-48 Months,High,25-48 Months | High | Month-to-month,291,0.436426116838488,High Risk,True,43.64
2038-LLMLM,Female,0,No,No,48,Yes,Yes,Fiber optic,No,No,Yes,Yes,Yes,Yes,Month-to-month,Yes,Electronic check,103.85,4946.05,0,25-48 Months,High,25-48 Months | High | Month-to-month,291,0.436426116838488,High Risk,True,43.64
9919-YLNNG,Female,0,No,No,42,Yes,No,Fiber optic,No,Yes,Yes,Yes,Yes,Yes,Month-to-month,Yes,Bank transfer (automatic),103.8,4327.5,0,25-48 Months,High,25-48 Months | High | Month-to-month,291,0.436426116838488,High Risk,True,43.64
3932-IJWDZ,Male,0,No,No,45,Yes,Yes,Fiber optic,No,No,Yes,Yes,Yes,Yes,Month-to-month,Yes,Bank transfer (automatic),103.65,4747.85,0,25-48 Months,High,25-48 Months | High | Month-to-month,291,0.436426116838488,High Risk,True,43.64
2832-KJCRD,Female,0,No,No,38,Yes,Yes,Fiber optic,No,No,Yes,Yes,Yes,Yes,Month-to-month,Yes,Electronic check,103.65,3988.5,0,25-48 Months,High,25-48 Months | High | Month-to-month,291,0.436426116838488,High Risk,True,43.64
3352-ALMCK,Male,0,No,No,40,Yes,Yes,Fiber optic,No,Yes,Yes,No,Yes,Yes,Month-to-month,Yes,Mailed check,102.65,4108.15,0,25-48 Months,High,25-48 Months | High | Month-to-month,291,0.436426116838488,High Risk,True,43.64
2439-LYPMQ,Male,1,Yes,No,38,Yes,Yes,Fiber optic,No,Yes,Yes,No,Yes,Yes,Month-to-month,Yes,Electronic check,102.6,4009.2,0,25-48 Months,High,25-48 Months | High | Month-to-month,291,0.436426116838488,High Risk,True,43.64
4238-JSSWH,Female,1,Yes,No,35,Yes,Yes,Fiber optic,No,No,Yes,No,Yes,Yes,Month-to-month,No,Bank transfer (automatic),102.05,3452.55,0,25-48 Months,High,25-48 Months | High | Month-to-month,291,0.436426116838488,High Risk,True,43.64
1028-FFNJK,Male,1,Yes,No,30,Yes,Yes,Fiber optic,No,No,No,Yes,Yes,Yes,Month-to-month,Yes,Electronic check,101.5,2917.65,0,25-48 Months,High,25-48 Months | High | Month-to-month,291,0.436426116838488,High Risk,True,43.64
2692-BUCFV,Male,1,No,No,29,Yes,No,Fiber optic,No,Yes,Yes,No,Yes,Yes,Month-to-month,Yes,Bank transfer (automatic),101.45,2948.6,0,25-48 Months,High,25-48 Months | High | Month-to-month,291,0.436426116838488,High Risk,True,43.64
2603-HVKCG,Male,0,No,No,31,Yes,No,Fiber optic,No,Yes,Yes,No,Yes,Yes,Month-to-month,Yes,Electronic check,101.4,3143.65,0,25-48 Months,High,25-48 Months | High | Month-to-month,291,0.436426116838488,High Risk,True,43.64
2809-ZMYOQ,Female,0,No,No,32,Yes,Yes,Fiber optic,No,No,Yes,No,Yes,Yes,Month-to-month,Yes,Electronic check,101.35,3334.9,0,25-48 Months,High,25-48 Months | High | Month-to-month,291,0.436426116838488,High Risk,True,43.64
7748-UMTRK,Female,1,No,Yes,30,Yes,Yes,Fiber optic,No,No,No,Yes,Yes,Yes,Month-to-month,Yes,Electronic check,101.3,2974.5,0,25-48 Months,High,25-48 Months | High | Month-to-month,291,0.436426116838488,High Risk,True,43.64
0147-ESWWR,Female,1,Yes,No,39,Yes,Yes,Fiber optic,No,No,No,Yes,Yes,Yes,Month-to-month,Yes,Electronic check,101.25,3949.15,0,25-48 Months,High,25-48 Months | High | Month-to-month,291,0.436426116838488,High Risk,True,43.64
3167-SNQPL,Male,1,Yes,Yes,38,Yes,Yes,Fiber optic,No,Yes,No,No,Yes,Yes,Month-to-month,No,Electronic check,101.15,3741.85,0,25-48 Months,High,25-48 Months | High | Month-to-month,291,0.436426116838488,High Risk,True,43.64
8378-LKJAF,Male,0,Yes,Yes,38,Yes,Yes,Fiber optic,No,No,Yes,No,Yes,Yes,Month-to-month,Yes,Credit card (automatic),101.15,3956.7,0,25-48 Months,High,25-48 Months | High | Month-to-month,291,0.436426116838488,High Risk,True,43.64
0899-LIIBW,Male,0,Yes,No,34,Yes,Yes,Fiber optic,No,No,Yes,No,Yes,Yes,Month-to-month,No,Electronic check,100.85,3527.3,0,25-48 Months,High,25-48 Months | High | Month-to-month,291,0.436426116838488,High Risk,True,43.64
6851-WEFYX,Male,1,Yes,No,35,Yes,Yes,Fiber optic,No,No,Yes,No,Yes,Yes,Month-to-month,Yes,Electronic check,100.8,3437.5,0,25-48 Months,High,25-48 Months | High | Month-to-month,291,0.436426116838488,High Risk,True,43.64
9079-LWTFD,Male,0,No,No,47,Yes,Yes,Fiber optic,Yes,Yes,No,Yes,Yes,No,Month-to-month,No,Mailed check,100.75,4669.2,0,25-48 Months,High,25-48 Months | High | Month-to-month,291,0.436426116838488,High Risk,True,43.64
7587-AOVVU,Male,0,Yes,Yes,27,Yes,Yes,Fiber optic,Yes,Yes,No,Yes,Yes,No,Month-to-month,No,Electronic check,100.75,2793.55,0,25-48 Months,High,25-48 Months | High | Month-to-month,291,0.436426116838488,High Risk,True,43.64
1932-UEDCX,Male,1,Yes,No,33,Yes,Yes,Fiber optic,No,Yes,No,No,Yes,Yes,Month-to-month,Yes,Bank transfer (automatic),100.6,3270.25,0,25-48 Months,High,25-48 Months | High | Month-to-month,291,0.436426116838488,High Risk,True,43.64
6481-ESCNL,Female,0,No,No,29,Yes,Yes,Fiber optic,No,No,Yes,No,Yes,Yes,Month-to-month,No,Bank transfer (automatic),100.55,2878.75,0,25-48 Months,High,25-48 Months | High | Month-to-month,291,0.436426116838488,High Risk,True,43.64
0434-CSFON,Female,0,Yes,No,47,Yes,Yes,Fiber optic,No,No,Yes,No,Yes,Yes,Month-to-month,Yes,Electronic check,100.5,4707.1,0,25-48 Months,High,25-48 Months | High | Month-to-month,291,0.436426116838488,High Risk,True,43.64
7714-YXSMB,Female,0,No,No,26,Yes,Yes,Fiber optic,No,No,Yes,No,Yes,Yes,Month-to-month,Yes,Bank transfer (automatic),100.5,2599.95,0,25-48 Months,High,25-48 Months | High | Month-to-month,291,0.436426116838488,High Risk,True,43.64
6116-RFVHN,Female,0,Yes,No,34,Yes,Yes,Fiber optic,No,No,Yes,No,Yes,Yes,Month-to-month,Yes,Electronic check,100.45,3414.65,0,25-48 Months,High,25-48 Months | High | Month-to-month,291,0.436426116838488,High Risk,True,43.64
4998-IKFSE,Female,0,No,No,30,Yes,Yes,Fiber optic,No,No,Yes,No,Yes,Yes,Month-to-month,No,Electronic check,100.45,3096.9,0,25-48 Months,High,25-48 Months | High | Month-to-month,291,0.436426116838488,High Risk,True,43.64
1641-RQDAY,Female,1,Yes,Yes,32,Yes,Yes,Fiber optic,No,Yes,No,No,Yes,Yes,Month-to-month,Yes,Electronic check,100.4,3217.65,0,25-48 Months,High,25-48 Months | High | Month-to-month,291,0.436426116838488,High Risk,True,43.64
1482-OXZSY,Male,0,No,No,30,Yes,Yes,Fiber optic,Yes,No,No,No,Yes,Yes,Month-to-month,Yes,Bank transfer (automatic),100.4,2936.25,0,25-48 Months,High,25-48 Months | High | Month-to-month,291,0.436426116838488,High Risk,True,43.64
2800-QQUSO,Male,0,No,No,42,Yes,Yes,Fiber optic,No,No,No,Yes,Yes,Yes,Month-to-month,Yes,Electronic check,100.3,4222.95,0,25-48 Months,High,25-48 Months | High | Month-to-month,291,0.436426116838488,High Risk,True,43.64
5816-QVHRX,Female,0,No,No,37,Yes,Yes,Fiber optic,No,No,No,Yes,Yes,Yes,Month-to-month,No,Credit card (automatic),100.3,3541.4,0,25-48 Months,High,25-48 Months | High | Month-to-month,291,0.436426116838488,High Risk,True,43.64
1666-JXLKU,Female,0,No,No,37,Yes,Yes,Fiber optic,No,No,Yes,No,Yes,Yes,Month-to-month,Yes,Electronic check,100.05,3810.55,0,25-48 Months,High,25-48 Months | High | Month-to-month,291,0.436426116838488,High Risk,True,43.64
2669-OIDSD,Female,0,Yes,No,48,Yes,No,Fiber optic,No,No,Yes,Yes,Yes,Yes,Month-to-month,Yes,Credit card (automatic),100.05,4834.0,0,25-48 Months,High,25-48 Months | High | Month-to-month,291,0.436426116838488,High Risk,True,43.64
8709-KRDVL,Female,0,No,No,33,Yes,Yes,Fiber optic,No,Yes,No,No,Yes,Yes,Month-to-month,Yes,Electronic check,100.0,3320.6,0,25-48 Months,High,25-48 Months | High | Month-to-month,291,0.436426116838488,High Risk,True,43.64
0089-IIQKO,Female,0,Yes,Yes,39,Yes,Yes,Fiber optic,No,No,No,Yes,Yes,Yes,Month-to-month,Yes,Credit card (automatic),99.95,3767.4,0,25-48 Months,High,25-48 Months | High | Month-to-month,291,0.436426116838488,High Risk,True,43.64
8631-WUXGY,Female,0,No,Yes,46,Yes,No,Fiber optic,No,Yes,Yes,No,Yes,Yes,Month-to-month,Yes,Electronic check,99.8,4391.25,0,25-48 Months,High,25-48 Months | High | Month-to-month,291,0.436426116838488,High Risk,True,43.64
0420-HLGXF,Female,1,No,No,39,Yes,Yes,Fiber optic,No,No,Yes,No,Yes,Yes,Month-to-month,Yes,Electronic check,99.75,4036.0,0,25-48 Months,High,25-48 Months | High | Month-to-month,291,0.436426116838488,High Risk,True,43.64
4128-ETESU,Female,1,Yes,No,47,Yes,Yes,Fiber optic,No,No,Yes,No,Yes,Yes,Month-to-month,No,Electronic check,99.7,4747.2,0,25-48 Months,High,25-48 Months | High | Month-to-month,291,0.436426116838488,High Risk,True,43.64
3524-WQDSG,Female,0,Yes,Yes,43,Yes,Yes,Fiber optic,No,No,Yes,No,Yes,Yes,Month-to-month,Yes,Bank transfer (automatic),99.3,4209.95,0,25-48 Months,High,25-48 Months | High | Month-to-month,291,0.436426116838488,High Risk,True,43.64
3588-WSTTJ,Female,1,No,No,35,Yes,Yes,Fiber optic,Yes,No,No,No,Yes,Yes,Month-to-month,Yes,Electronic check,99.05,3554.6,0,25-48 Months,High,25-48 Months | High | Month-to-month,291,0.436426116838488,High Risk,True,43.64
1751-NCDLI,Male,1,Yes,No,46,Yes,Yes,Fiber optic,No,No,Yes,No,Yes,Yes,Month-to-month,Yes,Electronic check,98.85,4564.9,0,25-48 Months,High,25-48 Months | High | Month-to-month,291,0.436426116838488,High Risk,True,43.64
3312-UUMZW,Male,0,Yes,No,32,Yes,Yes,Fiber optic,No,Yes,No,No,Yes,Yes,Month-to-month,Yes,Credit card (automatic),98.85,3145.9,0,25-48 Months,High,25-48 Months | High | Month-to-month,291,0.436426116838488,High Risk,True,43.64
6088-BXMRG,Female,0,Yes,Yes,32,Yes,Yes,Fiber optic,No,Yes,No,No,Yes,Yes,Month-to-month,Yes,Electronic check,98.85,3089.6,0,25-48 Months,High,25-48 Months | High | Month-to-month,291,0.436426116838488,High Risk,True,43.64
0468-YRPXN,Male,0,No,No,29,Yes,No,Fiber optic,No,No,Yes,Yes,Yes,Yes,Month-to-month,Yes,Credit card (automatic),98.8,2807.1,0,25-48 Months,High,25-48 Months | High | Month-to-month,291,0.436426116838488,High Risk,True,43.64
6559-PDZLR,Male,0,No,No,26,Yes,No,Fiber optic,No,No,Yes,Yes,Yes,Yes,Month-to-month,Yes,Electronic check,98.65,2537.0,0,25-48 Months,High,25-48 Months | High | Month-to-month,291,0.436426116838488,High Risk,True,43.64
2665-NPTGL,Female,1,Yes,No,26,Yes,Yes,Fiber optic,No,No,Yes,No,Yes,Yes,Month-to-month,Yes,Bank transfer (automatic),98.1,2510.7,0,25-48 Months,High,25-48 Months | High | Month-to-month,291,0.436426116838488,High Risk,True,43.64
5312-UXESG,Female,0,No,No,41,Yes,Yes,Fiber optic,No,No,Yes,No,Yes,Yes,Month-to-month,No,Bank transfer (automatic),98.05,3990.6,0,25-48 Months,High,25-48 Months | High | Month-to-month,291,0.436426116838488,High Risk,True,43.64
4947-DSMXK,Male,0,Yes,Yes,34,Yes,Yes,Fiber optic,No,Yes,No,No,Yes,Yes,Month-to-month,Yes,Bank transfer (automatic),97.7,3410.0,0,25-48 Months,High,25-48 Months | High | Month-to-month,291,0.436426116838488,High Risk,True,43.64
3898-GUYTS,Female,1,No,No,45,Yes,Yes,Fiber optic,Yes,Yes,No,Yes,Yes,No,Month-to-month,Yes,Electronic check,97.05,4385.05,0,25-48 Months,High,25-48 Months | High | Month-to-month,291,0.436426116838488,High Risk,True,43.64
8547-NSBBO,Male,0,No,No,35,Yes,Yes,Fiber optic,Yes,Yes,Yes,Yes,No,No,Month-to-month,Yes,Mailed check,96.75,3403.4,0,25-48 Months,High,25-48 Months | High | Month-to-month,291,0.436426116838488,High Risk,True,43.64
6635-CPNUN,Male,0,Yes,No,28,Yes,Yes,Fiber optic,No,Yes,Yes,No,Yes,No,Month-to-month,No,Credit card (automatic),96.6,2684.35,0,25-48 Months,High,25-48 Months | High | Month-to-month,291,0.436426116838488,High Risk,True,43.64
7813-ZGGAW,Male,1,No,No,31,Yes,Yes,Fiber optic,No,No,Yes,Yes,Yes,No,Month-to-month,Yes,Bank transfer (automatic),96.6,2877.95,0,25-48 Months,High,25-48 Months | High | Month-to-month,291,0.436426116838488,High Risk,True,43.64
9508-ILZDG,Female,1,No,No,34,Yes,Yes,Fiber optic,No,Yes,No,Yes,Yes,No,Month-to-month,Yes,Electronic check,96.35,3190.25,0,25-48 Months,High,25-48 Months | High | Month-to-month,291,0.436426116838488,High Risk,True,43.64
4657-FWVFY,Female,0,Yes,Yes,40,Yes,Yes,Fiber optic,No,Yes,Yes,No,Yes,No,Month-to-month,Yes,Credit card (automatic),96.35,3915.4,0,25-48 Months,High,25-48 Months | High | Month-to-month,291,0.436426116838488,High Risk,True,43.64
6862-CQUMB,Male,0,No,No,37,Yes,No,Fiber optic,No,Yes,No,No,Yes,Yes,Month-to-month,Yes,Credit card (automatic),96.1,3646.8,0,25-48 Months,High,25-48 Months | High | Month-to-month,291,0.436426116838488,High Risk,True,43.64
9495-SKLKD,Male,0,Yes,Yes,45,Yes,Yes,Fiber optic,No,Yes,Yes,No,No,Yes,Month-to-month,Yes,Bank transfer (automatic),95.95,4456.65,0,25-48 Months,High,25-48 Months | High | Month-to-month,291,0.436426116838488,High Risk,True,43.64
7011-CVEUC,Male,0,Yes,No,25,Yes,No,Fiber optic,No,No,No,Yes,Yes,Yes,Month-to-month,Yes,Credit card (automatic),95.7,2338.35,0,25-48 Months,High,25-48 Months | High | Month-to-month,291,0.436426116838488,High Risk,True,43.64
3597-MVHJT,Female,0,No,No,27,Yes,Yes,Fiber optic,No,No,No,No,Yes,Yes,Month-to-month,Yes,Bank transfer (automatic),95.6,2595.25,0,25-48 Months,High,25-48 Months | High | Month-to-month,291,0.436426116838488,High Risk,True,43.64
4690-PKDQG,Female,1,Yes,No,42,Yes,Yes,Fiber optic,No,Yes,Yes,No,Yes,No,Month-to-month,Yes,Electronic check,95.55,3930.6,0,25-48 Months,High,25-48 Months | High | Month-to-month,291,0.436426116838488,High Risk,True,43.64
5302-BDJNT,Male,0,No,No,35,Yes,Yes,Fiber optic,No,No,Yes,Yes,Yes,No,Month-to-month,No,Electronic check,95.5,3418.2,0,25-48 Months,High,25-48 Months | High | Month-to-month,291,0.436426116838488,High Risk,True,43.64
0396-YCHWO,Male,0,Yes,No,36,Yes,Yes,Fiber optic,No,No,No,No,Yes,Yes,Month-to-month,Yes,Electronic check,95.4,3474.2,0,25-48 Months,High,25-48 Months | High | Month-to-month,291,0.436426116838488,High Risk,True,43.64
4724-WXVWF,Male,0,No,No,48,Yes,Yes,Fiber optic,Yes,No,No,Yes,No,Yes,Month-to-month,Yes,Electronic check,95.4,4445.3,0,25-48 Months,High,25-48 Months | High | Month-to-month,291,0.436426116838488,High Risk,True,43.64
9921-EZKBY,Male,0,No,Yes,33,Yes,Yes,Fiber optic,Yes,No,Yes,No,No,Yes,Month-to-month,Yes,Bank transfer (automatic),95.3,3275.15,0,25-48 Months,High,25-48 Months | High | Month-to-month,291,0.436426116838488,High Risk,True,43.64
2824-MYYBN,Female,0,Yes,Yes,37,Yes,Yes,Fiber optic,No,No,No,No,Yes,Yes,Month-to-month,Yes,Electronic check,95.25,3314.15,0,25-48 Months,High,25-48 Months | High | Month-to-month,291,0.436426116838488,High Risk,True,43.64
3003-CMDUU,Female,0,Yes,No,25,Yes,No,Fiber optic,No,No,No,Yes,Yes,Yes,Month-to-month,Yes,Electronic check,95.15,2395.7,0,25-48 Months,High,25-48 Months | High | Month-to-month,291,0.436426116838488,High Risk,True,43.64
5982-FPVQN,Female,0,Yes,Yes,37,Yes,Yes,Fiber optic,No,Yes,Yes,No,No,Yes,Month-to-month,Yes,Electronic check,95.15,3532.85,0,25-48 Months,High,25-48 Months | High | Month-to-month,291,0.436426116838488,High Risk,True,43.64
2270-CHBFN,Female,0,Yes,No,44,Yes,Yes,Fiber optic,Yes,Yes,Yes,Yes,No,No,Month-to-month,Yes,Credit card (automatic),95.1,4060.55,0,25-48 Months,High,25-48 Months | High | Month-to-month,291,0.436426116838488,High Risk,True,43.64
6075-SLNIL,Male,0,No,No,38,Yes,Yes,Fiber optic,No,Yes,Yes,No,No,Yes,Month-to-month,Yes,Credit card (automatic),95.1,3691.2,0,25-48 Months,High,25-48 Months | High | Month-to-month,291,0.436426116838488,High Risk,True,43.64
3951-NJCVI,Female,1,Yes,No,42,Yes,Yes,Fiber optic,No,No,No,No,Yes,Yes,Month-to-month,Yes,Electronic check,95.05,3944.5,0,25-48 Months,High,25-48 Months | High | Month-to-month,291,0.436426116838488,High Risk,True,43.64
2475-MROZF,Male,0,No,No,30,Yes,Yes,Fiber optic,Yes,Yes,Yes,Yes,No,No,Month-to-month,Yes,Credit card (automatic),95.0,2852.4,0,25-48 Months,High,25-48 Months | High | Month-to-month,291,0.436426116838488,High Risk,True,43.64
1194-HVAIF,Female,0,Yes,No,27,Yes,Yes,Fiber optic,No,No,No,No,Yes,Yes,Month-to-month,No,Credit card (automatic),95.0,2462.55,0,25-48 Months,High,25-48 Months | High | Month-to-month,291,0.436426116838488,High Risk,True,43.64
2105-PHWON,Female,0,Yes,No,33,Yes,Yes,Fiber optic,No,No,Yes,Yes,No,Yes,Month-to-month,Yes,Credit card (automatic),95.0,3008.15,0,25-48 Months,High,25-48 Months | High | Month-to-month,291,0.436426116838488,High Risk,True,43.64
5119-KEPFY,Male,0,Yes,No,36,Yes,Yes,Fiber optic,No,No,No,No,Yes,Yes,Month-to-month,Yes,Bank transfer (automatic),95.0,3440.25,0,25-48 Months,High,25-48 Months | High | Month-to-month,291,0.436426116838488,High Risk,True,43.64
2359-KLTEK,Female,0,Yes,Yes,41,Yes,No,Fiber optic,No,No,Yes,No,Yes,Yes,Month-to-month,Yes,Bank transfer (automatic),94.9,3848.0,0,25-48 Months,High,25-48 Months | High | Month-to-month,291,0.436426116838488,High Risk,True,43.64
7982-VCELR,Female,0,No,No,36,Yes,No,Fiber optic,No,Yes,No,No,Yes,Yes,Month-to-month,Yes,Credit card (automatic),94.8,3565.65,0,25-48 Months,High,25-48 Months | High | Month-to-month,291,0.436426116838488,High Risk,True,43.64
5144-TVGLP,Male,1,No,No,38,Yes,Yes,Fiber optic,No,No,No,No,Yes,Yes,Month-to-month,No,Electronic check,94.75,3653.0,0,25-48 Months,High,25-48 Months | High | Month-to-month,291,0.436426116838488,High Risk,True,43.64
1472-TNCWL,Male,0,No,Yes,36,Yes,No,Fiber optic,No,Yes,No,No,Yes,Yes,Month-to-month,Yes,Electronic check,94.7,3512.5,0,25-48 Months,High,25-48 Months | High | Month-to-month,291,0.436426116838488,High Risk,True,43.64
6522-YRBXD,Male,1,Yes,No,35,Yes,Yes,Fiber optic,Yes,Yes,No,No,No,Yes,Month-to-month,Yes,Electronic check,94.55,3365.4,0,25-48 Months,High,25-48 Months | High | Month-to-month,291,0.436426116838488,High Risk,True,43.64
5439-WIKXB,Male,1,Yes,No,41,Yes,No,Fiber optic,No,Yes,No,No,Yes,Yes,Month-to-month,Yes,Electronic check,94.55,3851.45,0,25-48 Months,High,25-48 Months | High | Month-to-month,291,0.436426116838488,High Risk,True,43.64
5899-OUVKV,Male,0,No,No,31,Yes,No,Fiber optic,No,Yes,No,No,Yes,Yes,Month-to-month,Yes,Electronic check,94.5,2979.2,0,25-48 Months,High,25-48 Months | High | Month-to-month,291,0.436426116838488,High Risk,True,43.64
9699-UBQFS,Female,1,Yes,No,43,Yes,Yes,Fiber optic,Yes,Yes,No,No,Yes,No,Month-to-month,Yes,Electronic check,94.5,4156.8,0,25-48 Months,High,25-48 Months | High | Month-to-month,291,0.436426116838488,High Risk,True,43.64
2347-WKKAE,Male,0,Yes,No,42,Yes,Yes,Fiber optic,Yes,No,Yes,No,No,Yes,Month-to-month,Yes,Electronic check,94.4,4014.6,0,25-48 Months,High,25-48 Months | High | Month-to-month,291,0.436426116838488,High Risk,True,43.64
0730-KOAVE,Male,0,No,No,30,Yes,Yes,Fiber optic,Yes,Yes,No,No,No,Yes,Month-to-month,Yes,Credit card (automatic),94.3,2679.7,0,25-48 Months,High,25-48 Months | High | Month-to-month,291,0.436426116838488,High Risk,True,43.64
5461-QKNTN,Male,1,Yes,No,43,Yes,Yes,Fiber optic,No,Yes,No,Yes,Yes,No,Month-to-month,Yes,Electronic check,94.3,3953.15,0,25-48 Months,High,25-48 Months | High | Month-to-month,291,0.436426116838488,High Risk,True,43.64
5274-XHAKY,Female,0,Yes,Yes,41,Yes,Yes,Fiber optic,Yes,Yes,No,No,Yes,No,Month-to-month,Yes,Bank transfer (automatic),94.3,3893.6,0,25-48 Months,High,25-48 Months | High | Month-to-month,291,0.436426116838488,High Risk,True,43.64
0082-OQIQY,Male,0,No,No,29,Yes,No,Fiber optic,No,No,No,Yes,Yes,Yes,Month-to-month,Yes,Electronic check,94.2,2607.6,0,25-48 Months,High,25-48 Months | High | Month-to-month,291,0.436426116838488,High Risk,True,43.64
4760-THGOT,Female,0,Yes,No,43,Yes,Yes,Fiber optic,Yes,Yes,No,No,No,Yes,Month-to-month,Yes,Electronic check,94.1,4107.3,0,25-48 Months,High,25-48 Months | High | Month-to-month,291,0.436426116838488,High Risk,True,43.64
0111-KLBQG,Male,1,Yes,Yes,32,Yes,No,Fiber optic,No,Yes,No,No,Yes,Yes,Month-to-month,Yes,Mailed check,93.95,2861.45,0,25-48 Months,High,25-48 Months | High | Month-to-month,291,0.436426116838488,High Risk,True,43.64
1608-GMEWB,Male,1,No,No,45,Yes,Yes,Fiber optic,No,No,No,No,Yes,Yes,Month-to-month,Yes,Bank transfer (automatic),93.9,4200.25,0,25-48 Months,High,25-48 Months | High | Month-to-month,291,0.436426116838488,High Risk,True,43.64
7402-EYFXX,Male,1,No,No,26,Yes,Yes,Fiber optic,No,No,No,No,Yes,Yes,Month-to-month,Yes,Electronic check,93.6,2404.1,0,25-48 Months,High,25-48 Months | High | Month-to-month,291,0.436426116838488,High Risk,True,43.64
0376-OIWME,Male,0,Yes,No,36,Yes,No,Fiber optic,Yes,No,No,No,Yes,Yes,Month-to-month,Yes,Electronic check,93.6,3366.05,0,25-48 Months,High,25-48 Months | High | Month-to-month,291,0.436426116838488,High Risk,True,43.64
0674-DGMAQ,Male,1,Yes,No,32,Yes,Yes,Fiber optic,No,Yes,Yes,No,No,Yes,Month-to-month,Yes,Electronic check,93.5,2970.8,0,25-48 Months,High,25-48 Months | High | Month-to-month,291,0.436426116838488,High Risk,True,43.64
6578-KRMAW,Male,0,No,No,32,Yes,No,Fiber optic,Yes,Yes,Yes,No,No,Yes,Month-to-month,Yes,Credit card (automatic),93.4,2979.3,0,25-48 Months,High,25-48 Months | High | Month-to-month,291,0.436426116838488,High Risk,True,43.64
1685-BQULA,Female,0,No,No,40,Yes,Yes,Fiber optic,No,Yes,Yes,No,Yes,No,Month-to-month,Yes,Bank transfer (automatic),93.4,3756.4,0,25-48 Months,High,25-48 Months | High | Month-to-month,291,0.436426116838488,High Risk,True,43.64
7422-WNBTY,Male,0,Yes,No,33,Yes,Yes,Fiber optic,No,Yes,Yes,No,No,Yes,Month-to-month,Yes,Electronic check,93.35,3092.0,0,25-48 Months,High,25-48 Months | High | Month-to-month,291,0.436426116838488,High Risk,True,43.64
7483-IQWIB,Male,0,Yes,Yes,37,Yes,Yes,Fiber optic,No,Yes,Yes,No,Yes,No,Month-to-month,Yes,Electronic check,92.95,3415.25,0,25-48 Months,High,25-48 Months | High | Month-to-month,291,0.436426116838488,High Risk,True,43.64
0943-ZQPXH,Male,0,Yes,Yes,44,Yes,No,Fiber optic,No,No,Yes,No,Yes,Yes,Month-to-month,Yes,Bank transfer (automatic),92.95,4122.9,0,25-48 Months,High,25-48 Months | High | Month-to-month,291,0.436426116838488,High Risk,True,43.64
5977-CKHON,Female,0,Yes,Yes,43,Yes,Yes,Fiber optic,No,No,Yes,No,No,Yes,Month-to-month,Yes,Bank transfer (automatic),92.55,4039.0,0,25-48 Months,High,25-48 Months | High | Month-to-month,291,0.436426116838488,High Risk,True,43.64
3466-RITXD,Male,0,No,No,26,Yes,Yes,Fiber optic,Yes,Yes,No,No,Yes,No,Month-to-month,Yes,Credit card (automatic),92.4,2349.8,0,25-48 Months,High,25-48 Months | High | Month-to-month,291,0.436426116838488,High Risk,True,43.64
4879-GZLFH,Female,0,Yes,Yes,42,Yes,No,Fiber optic,No,No,Yes,No,Yes,Yes,Month-to-month,Yes,Electronic check,92.15,3875.4,0,25-48 Months,High,25-48 Months | High | Month-to-month,291,0.436426116838488,High Risk,True,43.64
2974-GGUXS,Female,1,Yes,No,36,Yes,Yes,Fiber optic,No,Yes,No,No,Yes,No,Month-to-month,Yes,Credit card (automatic),91.95,3301.05,0,25-48 Months,High,25-48 Months | High | Month-to-month,291,0.436426116838488,High Risk,True,43.64
3717-LNXKW,Male,0,Yes,No,38,Yes,Yes,Fiber optic,Yes,No,No,No,Yes,No,Month-to-month,No,Bank transfer (automatic),91.7,3479.05,0,25-48 Months,High,25-48 Months | High | Month-to-month,291,0.436426116838488,High Risk,True,43.64
5712-AHQNN,Female,0,No,No,43,Yes,No,Fiber optic,No,Yes,Yes,No,Yes,No,Month-to-month,Yes,Electronic check,91.65,3954.1,0,25-48 Months,High,25-48 Months | High | Month-to-month,291,0.436426116838488,High Risk,True,43.64
0093-EXYQL,Female,1,No,No,40,Yes,No,Fiber optic,No,No,No,No,Yes,Yes,Month-to-month,Yes,Electronic check,91.55,3673.6,0,25-48 Months,High,25-48 Months | High | Month-to-month,291,0.436426116838488,High Risk,True,43.64
6745-JEFZB,Male,0,Yes,No,35,Yes,Yes,Fiber optic,No,No,No,Yes,Yes,No,Month-to-month,Yes,Credit card (automatic),91.5,3236.35,0,25-48 Months,High,25-48 Months | High | Month-to-month,291,0.436426116838488,High Risk,True,43.64
9904-EHEVJ,Female,1,Yes,Yes,32,Yes,Yes,Fiber optic,No,No,Yes,No,Yes,No,Month-to-month,Yes,Mailed check,91.35,2896.55,0,25-48 Months,High,25-48 Months | High | Month-to-month,291,0.436426116838488,High Risk,True,43.64
8849-AYPTR,Male,0,Yes,No,33,Yes,No,Fiber optic,No,No,No,No,Yes,Yes,Month-to-month,No,Electronic check,91.25,2964.05,0,25-48 Months,High,25-48 Months | High | Month-to-month,291,0.436426116838488,High Risk,True,43.64
0365-TRTPY,Female,0,No,No,37,Yes,Yes,Fiber optic,Yes,Yes,Yes,No,No,No,Month-to-month,No,Bank transfer (automatic),91.2,3382.3,0,25-48 Months,High,25-48 Months | High | Month-to-month,291,0.436426116838488,High Risk,True,43.64
9576-SYUHJ,Male,0,No,No,37,Yes,Yes,Fiber optic,Yes,No,No,No,Yes,No,Month-to-month,Yes,Electronic check,91.15,3369.25,0,25-48 Months,High,25-48 Months | High | Month-to-month,291,0.436426116838488,High Risk,True,43.64
2573-GYRUU,Male,1,Yes,No,48,Yes,Yes,Fiber optic,No,No,Yes,No,No,Yes,Month-to-month,Yes,Credit card (automatic),91.05,4370.75,0,25-48 Months,High,25-48 Months | High | Month-to-month,291,0.436426116838488,High Risk,True,43.64
5222-IMUKT,Male,0,No,No,32,Yes,No,Fiber optic,No,No,No,No,Yes,Yes,Month-to-month,No,Electronic check,91.05,2871.5,0,25-48 Months,High,25-48 Months | High | Month-to-month,291,0.436426116838488,High Risk,True,43.64
5213-TWWJU,Male,0,No,No,28,Yes,No,Fiber optic,No,No,Yes,Yes,No,Yes,Month-to-month,No,Electronic check,91.0,2626.15,0,25-48 Months,High,25-48 Months | High | Month-to-month,291,0.436426116838488,High Risk,True,43.64
2378-HTWFW,Male,1,No,No,35,Yes,Yes,Fiber optic,Yes,No,No,No,No,Yes,Month-to-month,No,Credit card (automatic),91.0,3180.5,0,25-48 Months,High,25-48 Months | High | Month-to-month,291,0.436426116838488,High Risk,True,43.64
8189-XRIKE,Female,1,No,No,32,Yes,No,Fiber optic,No,No,No,No,Yes,Yes,Month-to-month,No,Electronic check,90.95,2897.95,0,25-48 Months,High,25-48 Months | High | Month-to-month,291,0.436426116838488,High Risk,True,43.64
5692-ICXLW,Male,1,No,No,31,Yes,Yes,Fiber optic,No,Yes,No,No,Yes,No,Month-to-month,Yes,Electronic check,90.7,2845.15,0,25-48 Months,High,25-48 Months | High | Month-to-month,291,0.436426116838488,High Risk,True,43.64
9281-OFDMF,Male,1,No,No,39,Yes,Yes,Fiber optic,No,Yes,No,No,No,Yes,Month-to-month,No,Electronic check,90.7,3413.25,0,25-48 Months,High,25-48 Months | High | Month-to-month,291,0.436426116838488,High Risk,True,43.64
2495-KZNFB,Female,0,No,No,33,Yes,Yes,Fiber optic,Yes,No,No,No,No,Yes,Month-to-month,Yes,Electronic check,90.65,2989.6,0,25-48 Months,High,25-48 Months | High | Month-to-month,291,0.436426116838488,High Risk,True,43.64
5325-UWTWJ,Male,0,Yes,No,31,Yes,Yes,Fiber optic,Yes,Yes,No,Yes,No,No,Month-to-month,Yes,Credit card (automatic),90.55,2929.75,0,25-48 Months,High,25-48 Months | High | Month-to-month,291,0.436426116838488,High Risk,True,43.64
6741-EGCBI,Male,1,No,No,30,Yes,Yes,Fiber optic,Yes,No,No,No,No,Yes,Month-to-month,Yes,Credit card (automatic),90.5,2595.85,0,25-48 Months,High,25-48 Months | High | Month-to-month,291,0.436426116838488,High Risk,True,43.64
8782-LKFPK,Male,0,No,No,44,Yes,Yes,Fiber optic,No,No,Yes,No,No,Yes,Month-to-month,Yes,Mailed check,90.4,4063.0,0,25-48 Months,High,25-48 Months | High | Month-to-month,291,0.436426116838488,High Risk,True,43.64
9469-WEJBT,Male,0,Yes,No,37,Yes,No,Fiber optic,No,No,Yes,Yes,No,Yes,Month-to-month,Yes,Electronic check,90.35,3419.3,0,25-48 Months,High,25-48 Months | High | Month-to-month,291,0.436426116838488,High Risk,True,43.64
8012-SOUDQ,Female,1,No,No,43,Yes,Yes,Fiber optic,No,Yes,No,No,Yes,No,Month-to-month,Yes,Electronic check,90.25,3838.75,0,25-48 Months,High,25-48 Months | High | Month-to-month,291,0.436426116838488,High Risk,True,43.64
1173-NOEYG,Female,0,Yes,No,27,Yes,Yes,Fiber optic,No,No,Yes,No,No,Yes,Month-to-month,No,Bank transfer (automatic),90.15,2423.4,0,25-48 Months,High,25-48 Months | High | Month-to-month,291,0.436426116838488,High Risk,True,43.64
6267-DCFFZ,Female,1,Yes,No,30,Yes,Yes,Fiber optic,No,Yes,No,No,Yes,No,Month-to-month,Yes,Electronic check,90.05,2627.2,0,25-48 Months,High,25-48 Months | High | Month-to-month,291,0.436426116838488,High Risk,True,43.64
3161-GETRM,Male,0,Yes,Yes,34,Yes,Yes,Fiber optic,No,No,Yes,No,No,Yes,Month-to-month,Yes,Credit card (automatic),90.05,3097.0,0,25-48 Months,High,25-48 Months | High | Month-to-month,291,0.436426116838488,High Risk,True,43.64
3154-CFSZG,Male,0,Yes,Yes,47,Yes,No,Fiber optic,Yes,No,Yes,No,No,Yes,Month-to-month,No,Electronic check,90.05,4137.2,0,25-48 Months,High,25-48 Months | High | Month-to-month,291,0.436426116838488,High Risk,True,43.64
2207-QPJED,Female,1,Yes,No,37,Yes,No,Fiber optic,No,No,Yes,Yes,Yes,No,Month-to-month,No,Electronic check,90.0,3371.75,0,25-48 Months,High,25-48 Months | High | Month-to-month,291,0.436426116838488,High Risk,True,43.64
4811-JBUVU,Male,0,No,No,30,Yes,Yes,Fiber optic,No,No,No,Yes,No,Yes,Month-to-month,Yes,Credit card (automatic),89.9,2723.15,0,25-48 Months,High,25-48 Months | High | Month-to-month,291,0.436426116838488,High Risk,True,43.64
8751-EDEKA,Female,0,Yes,No,28,Yes,No,Fiber optic,No,Yes,Yes,No,No,Yes,Month-to-month,No,Credit card (automatic),89.9,2433.5,0,25-48 Months,High,25-48 Months | High | Month-to-month,291,0.436426116838488,High Risk,True,43.64
